{"_format":"","paths":{"artifacts":"out","build_infos":"out/build-info","sources":"src","tests":"test","scripts":"script","libraries":["lib"]},"files":{"lib/forge-std/src/Base.sol":{"lastModificationDate":1731730631636,"contentHash":"ee13c050b1914464f1d3f90cde90204b","sourceName":"lib/forge-std/src/Base.sol","compilerSettings":{"solc":{"optimizer":{"enabled":true,"runs":200},"metadata":{"useLiteralContent":false,"bytecodeHash":"ipfs","appendCBOR":true},"outputSelection":{"*":{"*":["abi","evm.bytecode","evm.deployedBytecode","evm.methodIdentifiers","metadata"]}},"evmVersion":"paris","viaIR":false,"libraries":{}},"vyper":{"evmVersion":"paris","outputSelection":{"*":{"*":["abi","evm.bytecode","evm.deployedBytecode"]}}}},"imports":["lib/forge-std/src/StdStorage.sol","lib/forge-std/src/Vm.sol"],"versionRequirement":">=0.6.2, <0.9.0","artifacts":{"CommonBase":{"0.8.18":{"path":"src\\Base.sol\\CommonBase.json","build_id":"3b33fd8bcf0377569f543959d6c89fec"},"0.8.28":{"path":"Base.sol\\CommonBase.json","build_id":"4bb3375a6cd6e15e92a61b47fbf8c957"}},"ScriptBase":{"0.8.18":{"path":"src\\Base.sol\\ScriptBase.json","build_id":"3b33fd8bcf0377569f543959d6c89fec"},"0.8.28":{"path":"Base.sol\\ScriptBase.json","build_id":"4bb3375a6cd6e15e92a61b47fbf8c957"}},"TestBase":{"0.8.18":{"path":"src\\Base.sol\\TestBase.json","build_id":"3b33fd8bcf0377569f543959d6c89fec"},"0.8.28":{"path":"Base.sol\\TestBase.json","build_id":"4bb3375a6cd6e15e92a61b47fbf8c957"}}},"seenByCompiler":true},"lib/forge-std/src/Script.sol":{"lastModificationDate":1731730631636,"contentHash":"ba325c778a7da8a21c2136aa32763c14","sourceName":"lib/forge-std/src/Script.sol","compilerSettings":{"solc":{"optimizer":{"enabled":true,"runs":200},"metadata":{"useLiteralContent":false,"bytecodeHash":"ipfs","appendCBOR":true},"outputSelection":{"*":{"*":["abi","evm.bytecode","evm.deployedBytecode","evm.methodIdentifiers","metadata"]}},"evmVersion":"paris","viaIR":false,"libraries":{}},"vyper":{"evmVersion":"paris","outputSelection":{"*":{"*":["abi","evm.bytecode","evm.deployedBytecode"]}}}},"imports":["lib/forge-std/src/Base.sol","lib/forge-std/src/StdChains.sol","lib/forge-std/src/StdCheats.sol","lib/forge-std/src/StdJson.sol","lib/forge-std/src/StdMath.sol","lib/forge-std/src/StdStorage.sol","lib/forge-std/src/StdStyle.sol","lib/forge-std/src/StdUtils.sol","lib/forge-std/src/Vm.sol","lib/forge-std/src/console.sol","lib/forge-std/src/console2.sol","lib/forge-std/src/interfaces/IERC165.sol","lib/forge-std/src/interfaces/IERC20.sol","lib/forge-std/src/interfaces/IERC721.sol","lib/forge-std/src/interfaces/IMulticall3.sol","lib/forge-std/src/mocks/MockERC20.sol","lib/forge-std/src/mocks/MockERC721.sol","lib/forge-std/src/safeconsole.sol"],"versionRequirement":">=0.6.2, <0.9.0","artifacts":{"Script":{"0.8.18":{"path":"src\\Script.sol\\Script.json","build_id":"3b33fd8bcf0377569f543959d6c89fec"},"0.8.28":{"path":"Script.sol\\Script.json","build_id":"4bb3375a6cd6e15e92a61b47fbf8c957"}}},"seenByCompiler":true},"lib/forge-std/src/StdAssertions.sol":{"lastModificationDate":1731730631637,"contentHash":"25b77f9806b64d497b8a46aeb8e5f6f0","sourceName":"lib/forge-std/src/StdAssertions.sol","compilerSettings":{"solc":{"optimizer":{"enabled":true,"runs":200},"metadata":{"useLiteralContent":false,"bytecodeHash":"ipfs","appendCBOR":true},"outputSelection":{"*":{"*":["abi","evm.bytecode","evm.deployedBytecode","evm.methodIdentifiers","metadata"]}},"evmVersion":"paris","viaIR":false,"libraries":{}},"vyper":{"evmVersion":"paris","outputSelection":{"*":{"*":["abi","evm.bytecode","evm.deployedBytecode"]}}}},"imports":["lib/forge-std/src/Vm.sol"],"versionRequirement":">=0.6.2, <0.9.0","artifacts":{"StdAssertions":{"0.8.18":{"path":"src\\StdAssertions.sol\\StdAssertions.json","build_id":"3b33fd8bcf0377569f543959d6c89fec"},"0.8.28":{"path":"StdAssertions.sol\\StdAssertions.json","build_id":"4bb3375a6cd6e15e92a61b47fbf8c957"}}},"seenByCompiler":true},"lib/forge-std/src/StdChains.sol":{"lastModificationDate":1731730631637,"contentHash":"b039727c96bb3d5b9a59448fd16b1e0f","sourceName":"lib/forge-std/src/StdChains.sol","compilerSettings":{"solc":{"optimizer":{"enabled":true,"runs":200},"metadata":{"useLiteralContent":false,"bytecodeHash":"ipfs","appendCBOR":true},"outputSelection":{"*":{"*":["abi","evm.bytecode","evm.deployedBytecode","evm.methodIdentifiers","metadata"]}},"evmVersion":"paris","viaIR":false,"libraries":{}},"vyper":{"evmVersion":"paris","outputSelection":{"*":{"*":["abi","evm.bytecode","evm.deployedBytecode"]}}}},"imports":["lib/forge-std/src/Vm.sol"],"versionRequirement":">=0.6.2, <0.9.0","artifacts":{"StdChains":{"0.8.18":{"path":"src\\StdChains.sol\\StdChains.json","build_id":"3b33fd8bcf0377569f543959d6c89fec"},"0.8.28":{"path":"StdChains.sol\\StdChains.json","build_id":"4bb3375a6cd6e15e92a61b47fbf8c957"}}},"seenByCompiler":true},"lib/forge-std/src/StdCheats.sol":{"lastModificationDate":1731730631638,"contentHash":"96c712134b63f85d00461749d0c1611c","sourceName":"lib/forge-std/src/StdCheats.sol","compilerSettings":{"solc":{"optimizer":{"enabled":true,"runs":200},"metadata":{"useLiteralContent":false,"bytecodeHash":"ipfs","appendCBOR":true},"outputSelection":{"*":{"*":["abi","evm.bytecode","evm.deployedBytecode","evm.methodIdentifiers","metadata"]}},"evmVersion":"paris","viaIR":false,"libraries":{}},"vyper":{"evmVersion":"paris","outputSelection":{"*":{"*":["abi","evm.bytecode","evm.deployedBytecode"]}}}},"imports":["lib/forge-std/src/StdStorage.sol","lib/forge-std/src/Vm.sol","lib/forge-std/src/console.sol","lib/forge-std/src/console2.sol"],"versionRequirement":">=0.6.2, <0.9.0","artifacts":{"StdCheats":{"0.8.18":{"path":"src\\StdCheats.sol\\StdCheats.json","build_id":"3b33fd8bcf0377569f543959d6c89fec"},"0.8.28":{"path":"StdCheats.sol\\StdCheats.json","build_id":"4bb3375a6cd6e15e92a61b47fbf8c957"}},"StdCheatsSafe":{"0.8.18":{"path":"src\\StdCheats.sol\\StdCheatsSafe.json","build_id":"3b33fd8bcf0377569f543959d6c89fec"},"0.8.28":{"path":"StdCheats.sol\\StdCheatsSafe.json","build_id":"4bb3375a6cd6e15e92a61b47fbf8c957"}}},"seenByCompiler":true},"lib/forge-std/src/StdError.sol":{"lastModificationDate":1731730631638,"contentHash":"64c896e1276a291776e5ea5aecb3870a","sourceName":"lib/forge-std/src/StdError.sol","compilerSettings":{"solc":{"optimizer":{"enabled":true,"runs":200},"metadata":{"useLiteralContent":false,"bytecodeHash":"ipfs","appendCBOR":true},"outputSelection":{"*":{"*":["abi","evm.bytecode","evm.deployedBytecode","evm.methodIdentifiers","metadata"]}},"evmVersion":"paris","viaIR":false,"libraries":{}},"vyper":{"evmVersion":"paris","outputSelection":{"*":{"*":["abi","evm.bytecode","evm.deployedBytecode"]}}}},"imports":[],"versionRequirement":">=0.6.2, <0.9.0","artifacts":{"stdError":{"0.8.18":{"path":"src\\StdError.sol\\stdError.json","build_id":"3b33fd8bcf0377569f543959d6c89fec"},"0.8.28":{"path":"StdError.sol\\stdError.json","build_id":"4bb3375a6cd6e15e92a61b47fbf8c957"}}},"seenByCompiler":true},"lib/forge-std/src/StdInvariant.sol":{"lastModificationDate":1731730631638,"contentHash":"f16837d0e7cb829544ae1f1319ea7643","sourceName":"lib/forge-std/src/StdInvariant.sol","compilerSettings":{"solc":{"optimizer":{"enabled":true,"runs":200},"metadata":{"useLiteralContent":false,"bytecodeHash":"ipfs","appendCBOR":true},"outputSelection":{"*":{"*":["abi","evm.bytecode","evm.deployedBytecode","evm.methodIdentifiers","metadata"]}},"evmVersion":"paris","viaIR":false,"libraries":{}},"vyper":{"evmVersion":"paris","outputSelection":{"*":{"*":["abi","evm.bytecode","evm.deployedBytecode"]}}}},"imports":[],"versionRequirement":">=0.6.2, <0.9.0","artifacts":{"StdInvariant":{"0.8.18":{"path":"src\\StdInvariant.sol\\StdInvariant.json","build_id":"3b33fd8bcf0377569f543959d6c89fec"},"0.8.28":{"path":"StdInvariant.sol\\StdInvariant.json","build_id":"4bb3375a6cd6e15e92a61b47fbf8c957"}}},"seenByCompiler":true},"lib/forge-std/src/StdJson.sol":{"lastModificationDate":1731730631640,"contentHash":"02209da5708eaee03e24a9c24a687370","sourceName":"lib/forge-std/src/StdJson.sol","compilerSettings":{"solc":{"optimizer":{"enabled":true,"runs":200},"metadata":{"useLiteralContent":false,"bytecodeHash":"ipfs","appendCBOR":true},"outputSelection":{"*":{"*":["abi","evm.bytecode","evm.deployedBytecode","evm.methodIdentifiers","metadata"]}},"evmVersion":"paris","viaIR":false,"libraries":{}},"vyper":{"evmVersion":"paris","outputSelection":{"*":{"*":["abi","evm.bytecode","evm.deployedBytecode"]}}}},"imports":["lib/forge-std/src/Vm.sol"],"versionRequirement":">=0.6.0, <0.9.0","artifacts":{"stdJson":{"0.8.18":{"path":"src\\StdJson.sol\\stdJson.json","build_id":"3b33fd8bcf0377569f543959d6c89fec"},"0.8.28":{"path":"StdJson.sol\\stdJson.json","build_id":"4bb3375a6cd6e15e92a61b47fbf8c957"}}},"seenByCompiler":true},"lib/forge-std/src/StdMath.sol":{"lastModificationDate":1731730631640,"contentHash":"9da8f453eba6bb98f3d75bc6822bfb29","sourceName":"lib/forge-std/src/StdMath.sol","compilerSettings":{"solc":{"optimizer":{"enabled":true,"runs":200},"metadata":{"useLiteralContent":false,"bytecodeHash":"ipfs","appendCBOR":true},"outputSelection":{"*":{"*":["abi","evm.bytecode","evm.deployedBytecode","evm.methodIdentifiers","metadata"]}},"evmVersion":"paris","viaIR":false,"libraries":{}},"vyper":{"evmVersion":"paris","outputSelection":{"*":{"*":["abi","evm.bytecode","evm.deployedBytecode"]}}}},"imports":[],"versionRequirement":">=0.6.2, <0.9.0","artifacts":{"stdMath":{"0.8.18":{"path":"src\\StdMath.sol\\stdMath.json","build_id":"3b33fd8bcf0377569f543959d6c89fec"},"0.8.28":{"path":"StdMath.sol\\stdMath.json","build_id":"4bb3375a6cd6e15e92a61b47fbf8c957"}}},"seenByCompiler":true},"lib/forge-std/src/StdStorage.sol":{"lastModificationDate":1731730631640,"contentHash":"ce68f6e336944f16d31351a47d0b19b8","sourceName":"lib/forge-std/src/StdStorage.sol","compilerSettings":{"solc":{"optimizer":{"enabled":true,"runs":200},"metadata":{"useLiteralContent":false,"bytecodeHash":"ipfs","appendCBOR":true},"outputSelection":{"*":{"*":["abi","evm.bytecode","evm.deployedBytecode","evm.methodIdentifiers","metadata"]}},"evmVersion":"paris","viaIR":false,"libraries":{}},"vyper":{"evmVersion":"paris","outputSelection":{"*":{"*":["abi","evm.bytecode","evm.deployedBytecode"]}}}},"imports":["lib/forge-std/src/Vm.sol"],"versionRequirement":">=0.6.2, <0.9.0","artifacts":{"stdStorage":{"0.8.18":{"path":"src\\StdStorage.sol\\stdStorage.json","build_id":"3b33fd8bcf0377569f543959d6c89fec"},"0.8.28":{"path":"StdStorage.sol\\stdStorage.json","build_id":"4bb3375a6cd6e15e92a61b47fbf8c957"}},"stdStorageSafe":{"0.8.18":{"path":"src\\StdStorage.sol\\stdStorageSafe.json","build_id":"3b33fd8bcf0377569f543959d6c89fec"},"0.8.28":{"path":"StdStorage.sol\\stdStorageSafe.json","build_id":"4bb3375a6cd6e15e92a61b47fbf8c957"}}},"seenByCompiler":true},"lib/forge-std/src/StdStyle.sol":{"lastModificationDate":1731730631640,"contentHash":"6281165a12aa639705c691fccefd855e","sourceName":"lib/forge-std/src/StdStyle.sol","compilerSettings":{"solc":{"optimizer":{"enabled":true,"runs":200},"metadata":{"useLiteralContent":false,"bytecodeHash":"ipfs","appendCBOR":true},"outputSelection":{"*":{"*":["abi","evm.bytecode","evm.deployedBytecode","evm.methodIdentifiers","metadata"]}},"evmVersion":"paris","viaIR":false,"libraries":{}},"vyper":{"evmVersion":"paris","outputSelection":{"*":{"*":["abi","evm.bytecode","evm.deployedBytecode"]}}}},"imports":["lib/forge-std/src/Vm.sol"],"versionRequirement":">=0.4.22, <0.9.0","artifacts":{"StdStyle":{"0.8.18":{"path":"src\\StdStyle.sol\\StdStyle.json","build_id":"3b33fd8bcf0377569f543959d6c89fec"},"0.8.28":{"path":"StdStyle.sol\\StdStyle.json","build_id":"4bb3375a6cd6e15e92a61b47fbf8c957"}}},"seenByCompiler":true},"lib/forge-std/src/StdToml.sol":{"lastModificationDate":1731730631641,"contentHash":"4bce85a4c60f2c073e651ee8140bcb4d","sourceName":"lib/forge-std/src/StdToml.sol","compilerSettings":{"solc":{"optimizer":{"enabled":true,"runs":200},"metadata":{"useLiteralContent":false,"bytecodeHash":"ipfs","appendCBOR":true},"outputSelection":{"*":{"*":["abi","evm.bytecode","evm.deployedBytecode","evm.methodIdentifiers","metadata"]}},"evmVersion":"paris","viaIR":false,"libraries":{}},"vyper":{"evmVersion":"paris","outputSelection":{"*":{"*":["abi","evm.bytecode","evm.deployedBytecode"]}}}},"imports":["lib/forge-std/src/Vm.sol"],"versionRequirement":">=0.6.0, <0.9.0","artifacts":{"stdToml":{"0.8.18":{"path":"src\\StdToml.sol\\stdToml.json","build_id":"3b33fd8bcf0377569f543959d6c89fec"},"0.8.28":{"path":"StdToml.sol\\stdToml.json","build_id":"4bb3375a6cd6e15e92a61b47fbf8c957"}}},"seenByCompiler":true},"lib/forge-std/src/StdUtils.sol":{"lastModificationDate":1731730631641,"contentHash":"b50717f17f251a2a96a5884c90add7bf","sourceName":"lib/forge-std/src/StdUtils.sol","compilerSettings":{"solc":{"optimizer":{"enabled":true,"runs":200},"metadata":{"useLiteralContent":false,"bytecodeHash":"ipfs","appendCBOR":true},"outputSelection":{"*":{"*":["abi","evm.bytecode","evm.deployedBytecode","evm.methodIdentifiers","metadata"]}},"evmVersion":"paris","viaIR":false,"libraries":{}},"vyper":{"evmVersion":"paris","outputSelection":{"*":{"*":["abi","evm.bytecode","evm.deployedBytecode"]}}}},"imports":["lib/forge-std/src/Vm.sol","lib/forge-std/src/interfaces/IERC165.sol","lib/forge-std/src/interfaces/IERC20.sol","lib/forge-std/src/interfaces/IERC721.sol","lib/forge-std/src/interfaces/IMulticall3.sol","lib/forge-std/src/mocks/MockERC20.sol","lib/forge-std/src/mocks/MockERC721.sol"],"versionRequirement":">=0.6.2, <0.9.0","artifacts":{"StdUtils":{"0.8.18":{"path":"src\\StdUtils.sol\\StdUtils.json","build_id":"3b33fd8bcf0377569f543959d6c89fec"},"0.8.28":{"path":"StdUtils.sol\\StdUtils.json","build_id":"4bb3375a6cd6e15e92a61b47fbf8c957"}}},"seenByCompiler":true},"lib/forge-std/src/Test.sol":{"lastModificationDate":1731730631642,"contentHash":"b6f15605355fc8c421fe42a90f94bf32","sourceName":"lib/forge-std/src/Test.sol","compilerSettings":{"solc":{"optimizer":{"enabled":true,"runs":200},"metadata":{"useLiteralContent":false,"bytecodeHash":"ipfs","appendCBOR":true},"outputSelection":{"*":{"*":["abi","evm.bytecode","evm.deployedBytecode","evm.methodIdentifiers","metadata"]}},"evmVersion":"paris","viaIR":false,"libraries":{}},"vyper":{"evmVersion":"paris","outputSelection":{"*":{"*":["abi","evm.bytecode","evm.deployedBytecode"]}}}},"imports":["lib/forge-std/src/Base.sol","lib/forge-std/src/StdAssertions.sol","lib/forge-std/src/StdChains.sol","lib/forge-std/src/StdCheats.sol","lib/forge-std/src/StdError.sol","lib/forge-std/src/StdInvariant.sol","lib/forge-std/src/StdJson.sol","lib/forge-std/src/StdMath.sol","lib/forge-std/src/StdStorage.sol","lib/forge-std/src/StdStyle.sol","lib/forge-std/src/StdToml.sol","lib/forge-std/src/StdUtils.sol","lib/forge-std/src/Vm.sol","lib/forge-std/src/console.sol","lib/forge-std/src/console2.sol","lib/forge-std/src/interfaces/IERC165.sol","lib/forge-std/src/interfaces/IERC20.sol","lib/forge-std/src/interfaces/IERC721.sol","lib/forge-std/src/interfaces/IMulticall3.sol","lib/forge-std/src/mocks/MockERC20.sol","lib/forge-std/src/mocks/MockERC721.sol","lib/forge-std/src/safeconsole.sol"],"versionRequirement":">=0.6.2, <0.9.0","artifacts":{"Test":{"0.8.18":{"path":"src\\Test.sol\\Test.json","build_id":"3b33fd8bcf0377569f543959d6c89fec"},"0.8.28":{"path":"Test.sol\\Test.json","build_id":"4bb3375a6cd6e15e92a61b47fbf8c957"}}},"seenByCompiler":true},"lib/forge-std/src/Vm.sol":{"lastModificationDate":1731730632655,"contentHash":"707e31ca7be04756b2a1b853d9c110ac","sourceName":"lib/forge-std/src/Vm.sol","compilerSettings":{"solc":{"optimizer":{"enabled":true,"runs":200},"metadata":{"useLiteralContent":false,"bytecodeHash":"ipfs","appendCBOR":true},"outputSelection":{"*":{"*":["abi","evm.bytecode","evm.deployedBytecode","evm.methodIdentifiers","metadata"]}},"evmVersion":"paris","viaIR":false,"libraries":{}},"vyper":{"evmVersion":"paris","outputSelection":{"*":{"*":["abi","evm.bytecode","evm.deployedBytecode"]}}}},"imports":[],"versionRequirement":">=0.6.2, <0.9.0","artifacts":{"Vm":{"0.8.18":{"path":"src\\Vm.sol\\Vm.json","build_id":"3b33fd8bcf0377569f543959d6c89fec"},"0.8.28":{"path":"Vm.sol\\Vm.json","build_id":"4bb3375a6cd6e15e92a61b47fbf8c957"}},"VmSafe":{"0.8.18":{"path":"src\\Vm.sol\\VmSafe.json","build_id":"3b33fd8bcf0377569f543959d6c89fec"},"0.8.28":{"path":"Vm.sol\\VmSafe.json","build_id":"4bb3375a6cd6e15e92a61b47fbf8c957"}}},"seenByCompiler":true},"lib/forge-std/src/console.sol":{"lastModificationDate":1731730631644,"contentHash":"ce19a9e49945b42118379ff99d853c05","sourceName":"lib/forge-std/src/console.sol","compilerSettings":{"solc":{"optimizer":{"enabled":true,"runs":200},"metadata":{"useLiteralContent":false,"bytecodeHash":"ipfs","appendCBOR":true},"outputSelection":{"*":{"*":["abi","evm.bytecode","evm.deployedBytecode","evm.methodIdentifiers","metadata"]}},"evmVersion":"paris","viaIR":false,"libraries":{}},"vyper":{"evmVersion":"paris","outputSelection":{"*":{"*":["abi","evm.bytecode","evm.deployedBytecode"]}}}},"imports":[],"versionRequirement":">=0.4.22, <0.9.0","artifacts":{"console":{"0.8.18":{"path":"src\\console.sol\\console.json","build_id":"3b33fd8bcf0377569f543959d6c89fec"},"0.8.28":{"path":"console.sol\\console.json","build_id":"4bb3375a6cd6e15e92a61b47fbf8c957"}}},"seenByCompiler":true},"lib/forge-std/src/console2.sol":{"lastModificationDate":1731730631645,"contentHash":"f65ad21034b111e70fb5342d5771efcd","sourceName":"lib/forge-std/src/console2.sol","compilerSettings":{"solc":{"optimizer":{"enabled":true,"runs":200},"metadata":{"useLiteralContent":false,"bytecodeHash":"ipfs","appendCBOR":true},"outputSelection":{"*":{"*":["abi","evm.bytecode","evm.deployedBytecode","evm.methodIdentifiers","metadata"]}},"evmVersion":"paris","viaIR":false,"libraries":{}},"vyper":{"evmVersion":"paris","outputSelection":{"*":{"*":["abi","evm.bytecode","evm.deployedBytecode"]}}}},"imports":["lib/forge-std/src/console.sol"],"versionRequirement":">=0.4.22, <0.9.0","artifacts":{},"seenByCompiler":true},"lib/forge-std/src/interfaces/IERC165.sol":{"lastModificationDate":1731730631645,"contentHash":"90fe5e2e3ed432d6f3b408e7c9e8a739","sourceName":"lib/forge-std/src/interfaces/IERC165.sol","compilerSettings":{"solc":{"optimizer":{"enabled":true,"runs":200},"metadata":{"useLiteralContent":false,"bytecodeHash":"ipfs","appendCBOR":true},"outputSelection":{"*":{"*":["abi","evm.bytecode","evm.deployedBytecode","evm.methodIdentifiers","metadata"]}},"evmVersion":"paris","viaIR":false,"libraries":{}},"vyper":{"evmVersion":"paris","outputSelection":{"*":{"*":["abi","evm.bytecode","evm.deployedBytecode"]}}}},"imports":[],"versionRequirement":">=0.6.2","artifacts":{"IERC165":{"0.8.18":{"path":"interfaces\\IERC165.sol\\IERC165.json","build_id":"3b33fd8bcf0377569f543959d6c89fec"},"0.8.28":{"path":"IERC165.sol\\IERC165.json","build_id":"4bb3375a6cd6e15e92a61b47fbf8c957"}}},"seenByCompiler":true},"lib/forge-std/src/interfaces/IERC20.sol":{"lastModificationDate":1731730631646,"contentHash":"8099161d518e5862a76750349d58e801","sourceName":"lib/forge-std/src/interfaces/IERC20.sol","compilerSettings":{"solc":{"optimizer":{"enabled":true,"runs":200},"metadata":{"useLiteralContent":false,"bytecodeHash":"ipfs","appendCBOR":true},"outputSelection":{"*":{"*":["abi","evm.bytecode","evm.deployedBytecode","evm.methodIdentifiers","metadata"]}},"evmVersion":"paris","viaIR":false,"libraries":{}},"vyper":{"evmVersion":"paris","outputSelection":{"*":{"*":["abi","evm.bytecode","evm.deployedBytecode"]}}}},"imports":[],"versionRequirement":">=0.6.2","artifacts":{"IERC20":{"0.8.18":{"path":"interfaces\\IERC20.sol\\IERC20.json","build_id":"3b33fd8bcf0377569f543959d6c89fec"},"0.8.28":{"path":"IERC20.sol\\IERC20.json","build_id":"4bb3375a6cd6e15e92a61b47fbf8c957"}}},"seenByCompiler":true},"lib/forge-std/src/interfaces/IERC721.sol":{"lastModificationDate":1731730631646,"contentHash":"efc26e7f9a2f76b68088c8760ceae2dc","sourceName":"lib/forge-std/src/interfaces/IERC721.sol","compilerSettings":{"solc":{"optimizer":{"enabled":true,"runs":200},"metadata":{"useLiteralContent":false,"bytecodeHash":"ipfs","appendCBOR":true},"outputSelection":{"*":{"*":["abi","evm.bytecode","evm.deployedBytecode","evm.methodIdentifiers","metadata"]}},"evmVersion":"paris","viaIR":false,"libraries":{}},"vyper":{"evmVersion":"paris","outputSelection":{"*":{"*":["abi","evm.bytecode","evm.deployedBytecode"]}}}},"imports":["lib/forge-std/src/interfaces/IERC165.sol"],"versionRequirement":">=0.6.2","artifacts":{"IERC721":{"0.8.18":{"path":"interfaces\\IERC721.sol\\IERC721.json","build_id":"3b33fd8bcf0377569f543959d6c89fec"},"0.8.28":{"path":"IERC721.sol\\IERC721.json","build_id":"4bb3375a6cd6e15e92a61b47fbf8c957"}},"IERC721Enumerable":{"0.8.18":{"path":"interfaces\\IERC721.sol\\IERC721Enumerable.json","build_id":"3b33fd8bcf0377569f543959d6c89fec"},"0.8.28":{"path":"IERC721.sol\\IERC721Enumerable.json","build_id":"4bb3375a6cd6e15e92a61b47fbf8c957"}},"IERC721Metadata":{"0.8.18":{"path":"interfaces\\IERC721.sol\\IERC721Metadata.json","build_id":"3b33fd8bcf0377569f543959d6c89fec"},"0.8.28":{"path":"IERC721.sol\\IERC721Metadata.json","build_id":"4bb3375a6cd6e15e92a61b47fbf8c957"}},"IERC721TokenReceiver":{"0.8.18":{"path":"interfaces\\IERC721.sol\\IERC721TokenReceiver.json","build_id":"3b33fd8bcf0377569f543959d6c89fec"},"0.8.28":{"path":"IERC721.sol\\IERC721TokenReceiver.json","build_id":"4bb3375a6cd6e15e92a61b47fbf8c957"}}},"seenByCompiler":true},"lib/forge-std/src/interfaces/IMulticall3.sol":{"lastModificationDate":1731730631647,"contentHash":"7b131ca1ca32ef6378b7b9ad5488b901","sourceName":"lib/forge-std/src/interfaces/IMulticall3.sol","compilerSettings":{"solc":{"optimizer":{"enabled":true,"runs":200},"metadata":{"useLiteralContent":false,"bytecodeHash":"ipfs","appendCBOR":true},"outputSelection":{"*":{"*":["abi","evm.bytecode","evm.deployedBytecode","evm.methodIdentifiers","metadata"]}},"evmVersion":"paris","viaIR":false,"libraries":{}},"vyper":{"evmVersion":"paris","outputSelection":{"*":{"*":["abi","evm.bytecode","evm.deployedBytecode"]}}}},"imports":[],"versionRequirement":">=0.6.2, <0.9.0","artifacts":{"IMulticall3":{"0.8.18":{"path":"interfaces\\IMulticall3.sol\\IMulticall3.json","build_id":"3b33fd8bcf0377569f543959d6c89fec"},"0.8.28":{"path":"IMulticall3.sol\\IMulticall3.json","build_id":"4bb3375a6cd6e15e92a61b47fbf8c957"}}},"seenByCompiler":true},"lib/forge-std/src/mocks/MockERC20.sol":{"lastModificationDate":1731730631648,"contentHash":"8e14d63e81e1d54dbc2d44df38ae9dec","sourceName":"lib/forge-std/src/mocks/MockERC20.sol","compilerSettings":{"solc":{"optimizer":{"enabled":true,"runs":200},"metadata":{"useLiteralContent":false,"bytecodeHash":"ipfs","appendCBOR":true},"outputSelection":{"*":{"*":["abi","evm.bytecode","evm.deployedBytecode","evm.methodIdentifiers","metadata"]}},"evmVersion":"paris","viaIR":false,"libraries":{}},"vyper":{"evmVersion":"paris","outputSelection":{"*":{"*":["abi","evm.bytecode","evm.deployedBytecode"]}}}},"imports":["lib/forge-std/src/interfaces/IERC20.sol"],"versionRequirement":">=0.6.2, <0.9.0","artifacts":{"MockERC20":{"0.8.18":{"path":"mocks\\MockERC20.sol\\MockERC20.json","build_id":"3b33fd8bcf0377569f543959d6c89fec"},"0.8.28":{"path":"MockERC20.sol\\MockERC20.json","build_id":"4bb3375a6cd6e15e92a61b47fbf8c957"}}},"seenByCompiler":true},"lib/forge-std/src/mocks/MockERC721.sol":{"lastModificationDate":1731730631648,"contentHash":"e91cd9dba7f88f03710c56a347d89d1e","sourceName":"lib/forge-std/src/mocks/MockERC721.sol","compilerSettings":{"solc":{"optimizer":{"enabled":true,"runs":200},"metadata":{"useLiteralContent":false,"bytecodeHash":"ipfs","appendCBOR":true},"outputSelection":{"*":{"*":["abi","evm.bytecode","evm.deployedBytecode","evm.methodIdentifiers","metadata"]}},"evmVersion":"paris","viaIR":false,"libraries":{}},"vyper":{"evmVersion":"paris","outputSelection":{"*":{"*":["abi","evm.bytecode","evm.deployedBytecode"]}}}},"imports":["lib/forge-std/src/interfaces/IERC165.sol","lib/forge-std/src/interfaces/IERC721.sol"],"versionRequirement":">=0.6.2, <0.9.0","artifacts":{"MockERC721":{"0.8.18":{"path":"mocks\\MockERC721.sol\\MockERC721.json","build_id":"3b33fd8bcf0377569f543959d6c89fec"},"0.8.28":{"path":"MockERC721.sol\\MockERC721.json","build_id":"4bb3375a6cd6e15e92a61b47fbf8c957"}}},"seenByCompiler":true},"lib/forge-std/src/safeconsole.sol":{"lastModificationDate":1731730631650,"contentHash":"1445aa2f47000e212173e0cefd6c7a77","sourceName":"lib/forge-std/src/safeconsole.sol","compilerSettings":{"solc":{"optimizer":{"enabled":true,"runs":200},"metadata":{"useLiteralContent":false,"bytecodeHash":"ipfs","appendCBOR":true},"outputSelection":{"*":{"*":["abi","evm.bytecode","evm.deployedBytecode","evm.methodIdentifiers","metadata"]}},"evmVersion":"paris","viaIR":false,"libraries":{}},"vyper":{"evmVersion":"paris","outputSelection":{"*":{"*":["abi","evm.bytecode","evm.deployedBytecode"]}}}},"imports":[],"versionRequirement":">=0.6.2, <0.9.0","artifacts":{"safeconsole":{"0.8.18":{"path":"src\\safeconsole.sol\\safeconsole.json","build_id":"3b33fd8bcf0377569f543959d6c89fec"},"0.8.28":{"path":"safeconsole.sol\\safeconsole.json","build_id":"4bb3375a6cd6e15e92a61b47fbf8c957"}}},"seenByCompiler":true},"script/Counter.s.sol":{"lastModificationDate":1731730628181,"contentHash":"a3f39f45f6d251978d0155b376261aca","sourceName":"script/Counter.s.sol","compilerSettings":{"solc":{"optimizer":{"enabled":true,"runs":200},"metadata":{"useLiteralContent":false,"bytecodeHash":"ipfs","appendCBOR":true},"outputSelection":{"*":{"*":["abi","evm.bytecode","evm.deployedBytecode","evm.methodIdentifiers","metadata"]}},"evmVersion":"paris","viaIR":false,"libraries":{}},"vyper":{"evmVersion":"paris","outputSelection":{"*":{"*":["abi","evm.bytecode","evm.deployedBytecode"]}}}},"imports":["lib/forge-std/src/Base.sol","lib/forge-std/src\\Script.sol","lib/forge-std/src/StdChains.sol","lib/forge-std/src/StdCheats.sol","lib/forge-std/src/StdJson.sol","lib/forge-std/src/StdMath.sol","lib/forge-std/src/StdStorage.sol","lib/forge-std/src/StdStyle.sol","lib/forge-std/src/StdUtils.sol","lib/forge-std/src/Vm.sol","lib/forge-std/src/console.sol","lib/forge-std/src/console2.sol","lib/forge-std/src/interfaces/IERC165.sol","lib/forge-std/src/interfaces/IERC20.sol","lib/forge-std/src/interfaces/IERC721.sol","lib/forge-std/src/interfaces/IMulticall3.sol","lib/forge-std/src/mocks/MockERC20.sol","lib/forge-std/src/mocks/MockERC721.sol","lib/forge-std/src/safeconsole.sol","src\\Counter.sol"],"versionRequirement":"^0.8.13","artifacts":{"CounterScript":{"0.8.18":{"path":"script\\Counter.s.sol\\CounterScript.json","build_id":"3b33fd8bcf0377569f543959d6c89fec"},"0.8.28":{"path":"Counter.s.sol\\CounterScript.json","build_id":"4bb3375a6cd6e15e92a61b47fbf8c957"}}},"seenByCompiler":true},"src/Counter.sol":{"lastModificationDate":1731731324888,"contentHash":"ae6c800a2b4c57768024d6e9423d39e8","sourceName":"src/Counter.sol","compilerSettings":{"solc":{"optimizer":{"enabled":true,"runs":200},"metadata":{"useLiteralContent":false,"bytecodeHash":"ipfs","appendCBOR":true},"outputSelection":{"*":{"*":["abi","evm.bytecode","evm.deployedBytecode","evm.methodIdentifiers","metadata"]}},"evmVersion":"paris","viaIR":false,"libraries":{}},"vyper":{"evmVersion":"paris","outputSelection":{"*":{"*":["abi","evm.bytecode","evm.deployedBytecode"]}}}},"imports":[],"versionRequirement":"^0.8.13","artifacts":{"Counter":{"0.8.18":{"path":"src\\Counter.sol\\Counter.json","build_id":"3b33fd8bcf0377569f543959d6c89fec"},"0.8.28":{"path":"Counter.sol\\Counter.json","build_id":"4bb3375a6cd6e15e92a61b47fbf8c957"}}},"seenByCompiler":true},"src/hiddenbackdoor.sol":{"lastModificationDate":1731744398090,"contentHash":"e60ca829e8af5657f93eeff8df33a635","sourceName":"src/hiddenbackdoor.sol","compilerSettings":{"solc":{"optimizer":{"enabled":true,"runs":200},"metadata":{"useLiteralContent":false,"bytecodeHash":"ipfs","appendCBOR":true},"outputSelection":{"*":{"*":["abi","evm.bytecode","evm.deployedBytecode","evm.methodIdentifiers","metadata"]}},"evmVersion":"paris","viaIR":false,"libraries":{}},"vyper":{"evmVersion":"paris","outputSelection":{"*":{"*":["abi","evm.bytecode","evm.deployedBytecode"]}}}},"imports":[],"versionRequirement":"^0.8.18","artifacts":{"TreasureVault":{"0.8.18":{"path":"hiddenbackdoor.sol\\TreasureVault.json","build_id":"8c6991aca267cf0f89d97e6135375baf"}}},"seenByCompiler":true},"src/hiddenbackdoorExploit.sol":{"lastModificationDate":1731744301958,"contentHash":"f5f677de65e7f33bfae8702718552349","sourceName":"src/hiddenbackdoorExploit.sol","compilerSettings":{"solc":{"optimizer":{"enabled":true,"runs":200},"metadata":{"useLiteralContent":false,"bytecodeHash":"ipfs","appendCBOR":true},"outputSelection":{"*":{"*":["abi","evm.bytecode","evm.deployedBytecode","evm.methodIdentifiers","metadata"]}},"evmVersion":"paris","viaIR":false,"libraries":{}},"vyper":{"evmVersion":"paris","outputSelection":{"*":{"*":["abi","evm.bytecode","evm.deployedBytecode"]}}}},"imports":["src\\hiddenbackdoorMigration.sol"],"versionRequirement":"^0.8.18","artifacts":{"Exploit":{"0.8.18":{"path":"hiddenbackdoorExploit.sol\\Exploit.json","build_id":"8c6991aca267cf0f89d97e6135375baf"}}},"seenByCompiler":true},"src/hiddenbackdoorMigration.sol":{"lastModificationDate":1731744331149,"contentHash":"5308be53c6965f87e6060e16fd03c741","sourceName":"src/hiddenbackdoorMigration.sol","compilerSettings":{"solc":{"optimizer":{"enabled":true,"runs":200},"metadata":{"useLiteralContent":false,"bytecodeHash":"ipfs","appendCBOR":true},"outputSelection":{"*":{"*":["abi","evm.bytecode","evm.deployedBytecode","evm.methodIdentifiers","metadata"]}},"evmVersion":"paris","viaIR":false,"libraries":{}},"vyper":{"evmVersion":"paris","outputSelection":{"*":{"*":["abi","evm.bytecode","evm.deployedBytecode"]}}}},"imports":[],"versionRequirement":"^0.8.18","artifacts":{"TreasureVault":{"0.8.18":{"path":"hiddenbackdoorMigration.sol\\TreasureVault.json","build_id":"8c6991aca267cf0f89d97e6135375baf"}}},"seenByCompiler":true},"test/Counter.t.sol":{"lastModificationDate":1731730628181,"contentHash":"9d959b237381565c33e0fda71b690f32","sourceName":"test/Counter.t.sol","compilerSettings":{"solc":{"optimizer":{"enabled":true,"runs":200},"metadata":{"useLiteralContent":false,"bytecodeHash":"ipfs","appendCBOR":true},"outputSelection":{"*":{"*":["abi","evm.bytecode","evm.deployedBytecode","evm.methodIdentifiers","metadata"]}},"evmVersion":"paris","viaIR":false,"libraries":{}},"vyper":{"evmVersion":"paris","outputSelection":{"*":{"*":["abi","evm.bytecode","evm.deployedBytecode"]}}}},"imports":["lib/forge-std/src/Base.sol","lib/forge-std/src/StdAssertions.sol","lib/forge-std/src/StdChains.sol","lib/forge-std/src/StdCheats.sol","lib/forge-std/src/StdError.sol","lib/forge-std/src/StdInvariant.sol","lib/forge-std/src/StdJson.sol","lib/forge-std/src/StdMath.sol","lib/forge-std/src/StdStorage.sol","lib/forge-std/src/StdStyle.sol","lib/forge-std/src/StdToml.sol","lib/forge-std/src/StdUtils.sol","lib/forge-std/src\\Test.sol","lib/forge-std/src/Vm.sol","lib/forge-std/src/console.sol","lib/forge-std/src/console2.sol","lib/forge-std/src/interfaces/IERC165.sol","lib/forge-std/src/interfaces/IERC20.sol","lib/forge-std/src/interfaces/IERC721.sol","lib/forge-std/src/interfaces/IMulticall3.sol","lib/forge-std/src/mocks/MockERC20.sol","lib/forge-std/src/mocks/MockERC721.sol","lib/forge-std/src/safeconsole.sol","src\\Counter.sol"],"versionRequirement":"^0.8.13","artifacts":{"CounterTest":{"0.8.18":{"path":"test\\Counter.t.sol\\CounterTest.json","build_id":"3b33fd8bcf0377569f543959d6c89fec"},"0.8.28":{"path":"Counter.t.sol\\CounterTest.json","build_id":"4bb3375a6cd6e15e92a61b47fbf8c957"}}},"seenByCompiler":true},"test/hiddenbackdoorTest.sol":{"lastModificationDate":1731744232835,"contentHash":"d30fa440f20c102fe5ccf7802ad6d8a9","sourceName":"test/hiddenbackdoorTest.sol","compilerSettings":{"solc":{"optimizer":{"enabled":true,"runs":200},"metadata":{"useLiteralContent":false,"bytecodeHash":"ipfs","appendCBOR":true},"outputSelection":{"*":{"*":["abi","evm.bytecode","evm.deployedBytecode","evm.methodIdentifiers","metadata"]}},"evmVersion":"paris","viaIR":false,"libraries":{}},"vyper":{"evmVersion":"paris","outputSelection":{"*":{"*":["abi","evm.bytecode","evm.deployedBytecode"]}}}},"imports":["lib/forge-std/src/Base.sol","lib/forge-std/src/StdAssertions.sol","lib/forge-std/src/StdChains.sol","lib/forge-std/src/StdCheats.sol","lib/forge-std/src/StdError.sol","lib/forge-std/src/StdInvariant.sol","lib/forge-std/src/StdJson.sol","lib/forge-std/src/StdMath.sol","lib/forge-std/src/StdStorage.sol","lib/forge-std/src/StdStyle.sol","lib/forge-std/src/StdToml.sol","lib/forge-std/src/StdUtils.sol","lib/forge-std/src\\Test.sol","lib/forge-std/src/Vm.sol","lib/forge-std/src/console.sol","lib/forge-std/src/console2.sol","lib/forge-std/src/interfaces/IERC165.sol","lib/forge-std/src/interfaces/IERC20.sol","lib/forge-std/src/interfaces/IERC721.sol","lib/forge-std/src/interfaces/IMulticall3.sol","lib/forge-std/src/mocks/MockERC20.sol","lib/forge-std/src/mocks/MockERC721.sol","lib/forge-std/src/safeconsole.sol","src\\hiddenbackdoorExploit.sol","src\\hiddenbackdoorMigration.sol"],"versionRequirement":"^0.8.18","artifacts":{"TreasureVaultTest":{"0.8.18":{"path":"hiddenbackdoorTest.sol\\TreasureVaultTest.json","build_id":"8c6991aca267cf0f89d97e6135375baf"}}},"seenByCompiler":true}},"builds":["3b33fd8bcf0377569f543959d6c89fec","4bb3375a6cd6e15e92a61b47fbf8c957","8c6991aca267cf0f89d97e6135375baf"]}