{"_format":"","paths":{"artifacts":"out","build_infos":"out/build-info","sources":"src","tests":"test","scripts":"script","libraries":["lib"]},"files":{"lib/forge-std/src/Base.sol":{"lastModificationDate":1731750419219,"contentHash":"ee13c050b1914464f1d3f90cde90204b","sourceName":"lib/forge-std/src/Base.sol","compilerSettings":{"solc":{"optimizer":{"enabled":true,"runs":200},"metadata":{"useLiteralContent":false,"bytecodeHash":"ipfs","appendCBOR":true},"outputSelection":{"*":{"*":["abi","evm.bytecode","evm.deployedBytecode","evm.methodIdentifiers","metadata"]}},"evmVersion":"paris","viaIR":false,"libraries":{}},"vyper":{"evmVersion":"paris","outputSelection":{"*":{"*":["abi","evm.bytecode","evm.deployedBytecode"]}}}},"imports":["lib/forge-std/src/StdStorage.sol","lib/forge-std/src/Vm.sol"],"versionRequirement":">=0.6.2, <0.9.0","artifacts":{"CommonBase":{"0.8.18":{"path":"Base.sol/CommonBase.json","build_id":"6bdd81ab0ea1d77f84656641940766de"}},"ScriptBase":{"0.8.18":{"path":"Base.sol/ScriptBase.json","build_id":"6bdd81ab0ea1d77f84656641940766de"}},"TestBase":{"0.8.18":{"path":"Base.sol/TestBase.json","build_id":"6bdd81ab0ea1d77f84656641940766de"}}},"seenByCompiler":true},"lib/forge-std/src/Script.sol":{"lastModificationDate":1731750419219,"contentHash":"ba325c778a7da8a21c2136aa32763c14","sourceName":"lib/forge-std/src/Script.sol","compilerSettings":{"solc":{"optimizer":{"enabled":true,"runs":200},"metadata":{"useLiteralContent":false,"bytecodeHash":"ipfs","appendCBOR":true},"outputSelection":{"*":{"*":["abi","evm.bytecode","evm.deployedBytecode","evm.methodIdentifiers","metadata"]}},"evmVersion":"paris","viaIR":false,"libraries":{}},"vyper":{"evmVersion":"paris","outputSelection":{"*":{"*":["abi","evm.bytecode","evm.deployedBytecode"]}}}},"imports":["lib/forge-std/src/Base.sol","lib/forge-std/src/StdChains.sol","lib/forge-std/src/StdCheats.sol","lib/forge-std/src/StdJson.sol","lib/forge-std/src/StdMath.sol","lib/forge-std/src/StdStorage.sol","lib/forge-std/src/StdStyle.sol","lib/forge-std/src/StdUtils.sol","lib/forge-std/src/Vm.sol","lib/forge-std/src/console.sol","lib/forge-std/src/console2.sol","lib/forge-std/src/interfaces/IERC165.sol","lib/forge-std/src/interfaces/IERC20.sol","lib/forge-std/src/interfaces/IERC721.sol","lib/forge-std/src/interfaces/IMulticall3.sol","lib/forge-std/src/mocks/MockERC20.sol","lib/forge-std/src/mocks/MockERC721.sol","lib/forge-std/src/safeconsole.sol"],"versionRequirement":">=0.6.2, <0.9.0","artifacts":{"Script":{"0.8.18":{"path":"Script.sol/Script.json","build_id":"6bdd81ab0ea1d77f84656641940766de"}}},"seenByCompiler":true},"lib/forge-std/src/StdAssertions.sol":{"lastModificationDate":1731750419219,"contentHash":"25b77f9806b64d497b8a46aeb8e5f6f0","sourceName":"lib/forge-std/src/StdAssertions.sol","compilerSettings":{"solc":{"optimizer":{"enabled":true,"runs":200},"metadata":{"useLiteralContent":false,"bytecodeHash":"ipfs","appendCBOR":true},"outputSelection":{"*":{"*":["abi","evm.bytecode","evm.deployedBytecode","evm.methodIdentifiers","metadata"]}},"evmVersion":"paris","viaIR":false,"libraries":{}},"vyper":{"evmVersion":"paris","outputSelection":{"*":{"*":["abi","evm.bytecode","evm.deployedBytecode"]}}}},"imports":["lib/forge-std/src/Vm.sol"],"versionRequirement":">=0.6.2, <0.9.0","artifacts":{"StdAssertions":{"0.8.18":{"path":"StdAssertions.sol/StdAssertions.json","build_id":"6bdd81ab0ea1d77f84656641940766de"}}},"seenByCompiler":true},"lib/forge-std/src/StdChains.sol":{"lastModificationDate":1731750419219,"contentHash":"b039727c96bb3d5b9a59448fd16b1e0f","sourceName":"lib/forge-std/src/StdChains.sol","compilerSettings":{"solc":{"optimizer":{"enabled":true,"runs":200},"metadata":{"useLiteralContent":false,"bytecodeHash":"ipfs","appendCBOR":true},"outputSelection":{"*":{"*":["abi","evm.bytecode","evm.deployedBytecode","evm.methodIdentifiers","metadata"]}},"evmVersion":"paris","viaIR":false,"libraries":{}},"vyper":{"evmVersion":"paris","outputSelection":{"*":{"*":["abi","evm.bytecode","evm.deployedBytecode"]}}}},"imports":["lib/forge-std/src/Vm.sol"],"versionRequirement":">=0.6.2, <0.9.0","artifacts":{"StdChains":{"0.8.18":{"path":"StdChains.sol/StdChains.json","build_id":"6bdd81ab0ea1d77f84656641940766de"}}},"seenByCompiler":true},"lib/forge-std/src/StdCheats.sol":{"lastModificationDate":1731750419219,"contentHash":"96c712134b63f85d00461749d0c1611c","sourceName":"lib/forge-std/src/StdCheats.sol","compilerSettings":{"solc":{"optimizer":{"enabled":true,"runs":200},"metadata":{"useLiteralContent":false,"bytecodeHash":"ipfs","appendCBOR":true},"outputSelection":{"*":{"*":["abi","evm.bytecode","evm.deployedBytecode","evm.methodIdentifiers","metadata"]}},"evmVersion":"paris","viaIR":false,"libraries":{}},"vyper":{"evmVersion":"paris","outputSelection":{"*":{"*":["abi","evm.bytecode","evm.deployedBytecode"]}}}},"imports":["lib/forge-std/src/StdStorage.sol","lib/forge-std/src/Vm.sol","lib/forge-std/src/console.sol","lib/forge-std/src/console2.sol"],"versionRequirement":">=0.6.2, <0.9.0","artifacts":{"StdCheats":{"0.8.18":{"path":"StdCheats.sol/StdCheats.json","build_id":"6bdd81ab0ea1d77f84656641940766de"}},"StdCheatsSafe":{"0.8.18":{"path":"StdCheats.sol/StdCheatsSafe.json","build_id":"6bdd81ab0ea1d77f84656641940766de"}}},"seenByCompiler":true},"lib/forge-std/src/StdError.sol":{"lastModificationDate":1731750419219,"contentHash":"64c896e1276a291776e5ea5aecb3870a","sourceName":"lib/forge-std/src/StdError.sol","compilerSettings":{"solc":{"optimizer":{"enabled":true,"runs":200},"metadata":{"useLiteralContent":false,"bytecodeHash":"ipfs","appendCBOR":true},"outputSelection":{"*":{"*":["abi","evm.bytecode","evm.deployedBytecode","evm.methodIdentifiers","metadata"]}},"evmVersion":"paris","viaIR":false,"libraries":{}},"vyper":{"evmVersion":"paris","outputSelection":{"*":{"*":["abi","evm.bytecode","evm.deployedBytecode"]}}}},"imports":[],"versionRequirement":">=0.6.2, <0.9.0","artifacts":{"stdError":{"0.8.18":{"path":"StdError.sol/stdError.json","build_id":"6bdd81ab0ea1d77f84656641940766de"}}},"seenByCompiler":true},"lib/forge-std/src/StdInvariant.sol":{"lastModificationDate":1731750419219,"contentHash":"f16837d0e7cb829544ae1f1319ea7643","sourceName":"lib/forge-std/src/StdInvariant.sol","compilerSettings":{"solc":{"optimizer":{"enabled":true,"runs":200},"metadata":{"useLiteralContent":false,"bytecodeHash":"ipfs","appendCBOR":true},"outputSelection":{"*":{"*":["abi","evm.bytecode","evm.deployedBytecode","evm.methodIdentifiers","metadata"]}},"evmVersion":"paris","viaIR":false,"libraries":{}},"vyper":{"evmVersion":"paris","outputSelection":{"*":{"*":["abi","evm.bytecode","evm.deployedBytecode"]}}}},"imports":[],"versionRequirement":">=0.6.2, <0.9.0","artifacts":{"StdInvariant":{"0.8.18":{"path":"StdInvariant.sol/StdInvariant.json","build_id":"6bdd81ab0ea1d77f84656641940766de"}}},"seenByCompiler":true},"lib/forge-std/src/StdJson.sol":{"lastModificationDate":1731750419219,"contentHash":"02209da5708eaee03e24a9c24a687370","sourceName":"lib/forge-std/src/StdJson.sol","compilerSettings":{"solc":{"optimizer":{"enabled":true,"runs":200},"metadata":{"useLiteralContent":false,"bytecodeHash":"ipfs","appendCBOR":true},"outputSelection":{"*":{"*":["abi","evm.bytecode","evm.deployedBytecode","evm.methodIdentifiers","metadata"]}},"evmVersion":"paris","viaIR":false,"libraries":{}},"vyper":{"evmVersion":"paris","outputSelection":{"*":{"*":["abi","evm.bytecode","evm.deployedBytecode"]}}}},"imports":["lib/forge-std/src/Vm.sol"],"versionRequirement":">=0.6.0, <0.9.0","artifacts":{"stdJson":{"0.8.18":{"path":"StdJson.sol/stdJson.json","build_id":"6bdd81ab0ea1d77f84656641940766de"}}},"seenByCompiler":true},"lib/forge-std/src/StdMath.sol":{"lastModificationDate":1731750419219,"contentHash":"9da8f453eba6bb98f3d75bc6822bfb29","sourceName":"lib/forge-std/src/StdMath.sol","compilerSettings":{"solc":{"optimizer":{"enabled":true,"runs":200},"metadata":{"useLiteralContent":false,"bytecodeHash":"ipfs","appendCBOR":true},"outputSelection":{"*":{"*":["abi","evm.bytecode","evm.deployedBytecode","evm.methodIdentifiers","metadata"]}},"evmVersion":"paris","viaIR":false,"libraries":{}},"vyper":{"evmVersion":"paris","outputSelection":{"*":{"*":["abi","evm.bytecode","evm.deployedBytecode"]}}}},"imports":[],"versionRequirement":">=0.6.2, <0.9.0","artifacts":{"stdMath":{"0.8.18":{"path":"StdMath.sol/stdMath.json","build_id":"6bdd81ab0ea1d77f84656641940766de"}}},"seenByCompiler":true},"lib/forge-std/src/StdStorage.sol":{"lastModificationDate":1731750419228,"contentHash":"ce68f6e336944f16d31351a47d0b19b8","sourceName":"lib/forge-std/src/StdStorage.sol","compilerSettings":{"solc":{"optimizer":{"enabled":true,"runs":200},"metadata":{"useLiteralContent":false,"bytecodeHash":"ipfs","appendCBOR":true},"outputSelection":{"*":{"*":["abi","evm.bytecode","evm.deployedBytecode","evm.methodIdentifiers","metadata"]}},"evmVersion":"paris","viaIR":false,"libraries":{}},"vyper":{"evmVersion":"paris","outputSelection":{"*":{"*":["abi","evm.bytecode","evm.deployedBytecode"]}}}},"imports":["lib/forge-std/src/Vm.sol"],"versionRequirement":">=0.6.2, <0.9.0","artifacts":{"stdStorage":{"0.8.18":{"path":"StdStorage.sol/stdStorage.json","build_id":"6bdd81ab0ea1d77f84656641940766de"}},"stdStorageSafe":{"0.8.18":{"path":"StdStorage.sol/stdStorageSafe.json","build_id":"6bdd81ab0ea1d77f84656641940766de"}}},"seenByCompiler":true},"lib/forge-std/src/StdStyle.sol":{"lastModificationDate":1731750419228,"contentHash":"6281165a12aa639705c691fccefd855e","sourceName":"lib/forge-std/src/StdStyle.sol","compilerSettings":{"solc":{"optimizer":{"enabled":true,"runs":200},"metadata":{"useLiteralContent":false,"bytecodeHash":"ipfs","appendCBOR":true},"outputSelection":{"*":{"*":["abi","evm.bytecode","evm.deployedBytecode","evm.methodIdentifiers","metadata"]}},"evmVersion":"paris","viaIR":false,"libraries":{}},"vyper":{"evmVersion":"paris","outputSelection":{"*":{"*":["abi","evm.bytecode","evm.deployedBytecode"]}}}},"imports":["lib/forge-std/src/Vm.sol"],"versionRequirement":">=0.4.22, <0.9.0","artifacts":{"StdStyle":{"0.8.18":{"path":"StdStyle.sol/StdStyle.json","build_id":"6bdd81ab0ea1d77f84656641940766de"}}},"seenByCompiler":true},"lib/forge-std/src/StdToml.sol":{"lastModificationDate":1731750419228,"contentHash":"4bce85a4c60f2c073e651ee8140bcb4d","sourceName":"lib/forge-std/src/StdToml.sol","compilerSettings":{"solc":{"optimizer":{"enabled":true,"runs":200},"metadata":{"useLiteralContent":false,"bytecodeHash":"ipfs","appendCBOR":true},"outputSelection":{"*":{"*":["abi","evm.bytecode","evm.deployedBytecode","evm.methodIdentifiers","metadata"]}},"evmVersion":"paris","viaIR":false,"libraries":{}},"vyper":{"evmVersion":"paris","outputSelection":{"*":{"*":["abi","evm.bytecode","evm.deployedBytecode"]}}}},"imports":["lib/forge-std/src/Vm.sol"],"versionRequirement":">=0.6.0, <0.9.0","artifacts":{"stdToml":{"0.8.18":{"path":"StdToml.sol/stdToml.json","build_id":"6bdd81ab0ea1d77f84656641940766de"}}},"seenByCompiler":true},"lib/forge-std/src/StdUtils.sol":{"lastModificationDate":1731750419228,"contentHash":"b50717f17f251a2a96a5884c90add7bf","sourceName":"lib/forge-std/src/StdUtils.sol","compilerSettings":{"solc":{"optimizer":{"enabled":true,"runs":200},"metadata":{"useLiteralContent":false,"bytecodeHash":"ipfs","appendCBOR":true},"outputSelection":{"*":{"*":["abi","evm.bytecode","evm.deployedBytecode","evm.methodIdentifiers","metadata"]}},"evmVersion":"paris","viaIR":false,"libraries":{}},"vyper":{"evmVersion":"paris","outputSelection":{"*":{"*":["abi","evm.bytecode","evm.deployedBytecode"]}}}},"imports":["lib/forge-std/src/Vm.sol","lib/forge-std/src/interfaces/IERC165.sol","lib/forge-std/src/interfaces/IERC20.sol","lib/forge-std/src/interfaces/IERC721.sol","lib/forge-std/src/interfaces/IMulticall3.sol","lib/forge-std/src/mocks/MockERC20.sol","lib/forge-std/src/mocks/MockERC721.sol"],"versionRequirement":">=0.6.2, <0.9.0","artifacts":{"StdUtils":{"0.8.18":{"path":"StdUtils.sol/StdUtils.json","build_id":"6bdd81ab0ea1d77f84656641940766de"}}},"seenByCompiler":true},"lib/forge-std/src/Test.sol":{"lastModificationDate":1731750419228,"contentHash":"b6f15605355fc8c421fe42a90f94bf32","sourceName":"lib/forge-std/src/Test.sol","compilerSettings":{"solc":{"optimizer":{"enabled":true,"runs":200},"metadata":{"useLiteralContent":false,"bytecodeHash":"ipfs","appendCBOR":true},"outputSelection":{"*":{"*":["abi","evm.bytecode","evm.deployedBytecode","evm.methodIdentifiers","metadata"]}},"evmVersion":"paris","viaIR":false,"libraries":{}},"vyper":{"evmVersion":"paris","outputSelection":{"*":{"*":["abi","evm.bytecode","evm.deployedBytecode"]}}}},"imports":["lib/forge-std/src/Base.sol","lib/forge-std/src/StdAssertions.sol","lib/forge-std/src/StdChains.sol","lib/forge-std/src/StdCheats.sol","lib/forge-std/src/StdError.sol","lib/forge-std/src/StdInvariant.sol","lib/forge-std/src/StdJson.sol","lib/forge-std/src/StdMath.sol","lib/forge-std/src/StdStorage.sol","lib/forge-std/src/StdStyle.sol","lib/forge-std/src/StdToml.sol","lib/forge-std/src/StdUtils.sol","lib/forge-std/src/Vm.sol","lib/forge-std/src/console.sol","lib/forge-std/src/console2.sol","lib/forge-std/src/interfaces/IERC165.sol","lib/forge-std/src/interfaces/IERC20.sol","lib/forge-std/src/interfaces/IERC721.sol","lib/forge-std/src/interfaces/IMulticall3.sol","lib/forge-std/src/mocks/MockERC20.sol","lib/forge-std/src/mocks/MockERC721.sol","lib/forge-std/src/safeconsole.sol"],"versionRequirement":">=0.6.2, <0.9.0","artifacts":{"Test":{"0.8.18":{"path":"Test.sol/Test.json","build_id":"6bdd81ab0ea1d77f84656641940766de"}}},"seenByCompiler":true},"lib/forge-std/src/Vm.sol":{"lastModificationDate":1731750419247,"contentHash":"707e31ca7be04756b2a1b853d9c110ac","sourceName":"lib/forge-std/src/Vm.sol","compilerSettings":{"solc":{"optimizer":{"enabled":true,"runs":200},"metadata":{"useLiteralContent":false,"bytecodeHash":"ipfs","appendCBOR":true},"outputSelection":{"*":{"*":["abi","evm.bytecode","evm.deployedBytecode","evm.methodIdentifiers","metadata"]}},"evmVersion":"paris","viaIR":false,"libraries":{}},"vyper":{"evmVersion":"paris","outputSelection":{"*":{"*":["abi","evm.bytecode","evm.deployedBytecode"]}}}},"imports":[],"versionRequirement":">=0.6.2, <0.9.0","artifacts":{"Vm":{"0.8.18":{"path":"Vm.sol/Vm.json","build_id":"6bdd81ab0ea1d77f84656641940766de"}},"VmSafe":{"0.8.18":{"path":"Vm.sol/VmSafe.json","build_id":"6bdd81ab0ea1d77f84656641940766de"}}},"seenByCompiler":true},"lib/forge-std/src/console.sol":{"lastModificationDate":1731750419228,"contentHash":"ce19a9e49945b42118379ff99d853c05","sourceName":"lib/forge-std/src/console.sol","compilerSettings":{"solc":{"optimizer":{"enabled":true,"runs":200},"metadata":{"useLiteralContent":false,"bytecodeHash":"ipfs","appendCBOR":true},"outputSelection":{"*":{"*":["abi","evm.bytecode","evm.deployedBytecode","evm.methodIdentifiers","metadata"]}},"evmVersion":"paris","viaIR":false,"libraries":{}},"vyper":{"evmVersion":"paris","outputSelection":{"*":{"*":["abi","evm.bytecode","evm.deployedBytecode"]}}}},"imports":[],"versionRequirement":">=0.4.22, <0.9.0","artifacts":{"console":{"0.8.18":{"path":"console.sol/console.json","build_id":"6bdd81ab0ea1d77f84656641940766de"}}},"seenByCompiler":true},"lib/forge-std/src/console2.sol":{"lastModificationDate":1731750419228,"contentHash":"f65ad21034b111e70fb5342d5771efcd","sourceName":"lib/forge-std/src/console2.sol","compilerSettings":{"solc":{"optimizer":{"enabled":true,"runs":200},"metadata":{"useLiteralContent":false,"bytecodeHash":"ipfs","appendCBOR":true},"outputSelection":{"*":{"*":["abi","evm.bytecode","evm.deployedBytecode","evm.methodIdentifiers","metadata"]}},"evmVersion":"paris","viaIR":false,"libraries":{}},"vyper":{"evmVersion":"paris","outputSelection":{"*":{"*":["abi","evm.bytecode","evm.deployedBytecode"]}}}},"imports":["lib/forge-std/src/console.sol"],"versionRequirement":">=0.4.22, <0.9.0","artifacts":{},"seenByCompiler":true},"lib/forge-std/src/interfaces/IERC165.sol":{"lastModificationDate":1731750419228,"contentHash":"90fe5e2e3ed432d6f3b408e7c9e8a739","sourceName":"lib/forge-std/src/interfaces/IERC165.sol","compilerSettings":{"solc":{"optimizer":{"enabled":true,"runs":200},"metadata":{"useLiteralContent":false,"bytecodeHash":"ipfs","appendCBOR":true},"outputSelection":{"*":{"*":["abi","evm.bytecode","evm.deployedBytecode","evm.methodIdentifiers","metadata"]}},"evmVersion":"paris","viaIR":false,"libraries":{}},"vyper":{"evmVersion":"paris","outputSelection":{"*":{"*":["abi","evm.bytecode","evm.deployedBytecode"]}}}},"imports":[],"versionRequirement":">=0.6.2","artifacts":{"IERC165":{"0.8.18":{"path":"IERC165.sol/IERC165.json","build_id":"6bdd81ab0ea1d77f84656641940766de"}}},"seenByCompiler":true},"lib/forge-std/src/interfaces/IERC20.sol":{"lastModificationDate":1731750419228,"contentHash":"8099161d518e5862a76750349d58e801","sourceName":"lib/forge-std/src/interfaces/IERC20.sol","compilerSettings":{"solc":{"optimizer":{"enabled":true,"runs":200},"metadata":{"useLiteralContent":false,"bytecodeHash":"ipfs","appendCBOR":true},"outputSelection":{"*":{"*":["abi","evm.bytecode","evm.deployedBytecode","evm.methodIdentifiers","metadata"]}},"evmVersion":"paris","viaIR":false,"libraries":{}},"vyper":{"evmVersion":"paris","outputSelection":{"*":{"*":["abi","evm.bytecode","evm.deployedBytecode"]}}}},"imports":[],"versionRequirement":">=0.6.2","artifacts":{"IERC20":{"0.8.18":{"path":"IERC20.sol/IERC20.json","build_id":"6bdd81ab0ea1d77f84656641940766de"}}},"seenByCompiler":true},"lib/forge-std/src/interfaces/IERC721.sol":{"lastModificationDate":1731750419228,"contentHash":"efc26e7f9a2f76b68088c8760ceae2dc","sourceName":"lib/forge-std/src/interfaces/IERC721.sol","compilerSettings":{"solc":{"optimizer":{"enabled":true,"runs":200},"metadata":{"useLiteralContent":false,"bytecodeHash":"ipfs","appendCBOR":true},"outputSelection":{"*":{"*":["abi","evm.bytecode","evm.deployedBytecode","evm.methodIdentifiers","metadata"]}},"evmVersion":"paris","viaIR":false,"libraries":{}},"vyper":{"evmVersion":"paris","outputSelection":{"*":{"*":["abi","evm.bytecode","evm.deployedBytecode"]}}}},"imports":["lib/forge-std/src/interfaces/IERC165.sol"],"versionRequirement":">=0.6.2","artifacts":{"IERC721":{"0.8.18":{"path":"IERC721.sol/IERC721.json","build_id":"6bdd81ab0ea1d77f84656641940766de"}},"IERC721Enumerable":{"0.8.18":{"path":"IERC721.sol/IERC721Enumerable.json","build_id":"6bdd81ab0ea1d77f84656641940766de"}},"IERC721Metadata":{"0.8.18":{"path":"IERC721.sol/IERC721Metadata.json","build_id":"6bdd81ab0ea1d77f84656641940766de"}},"IERC721TokenReceiver":{"0.8.18":{"path":"IERC721.sol/IERC721TokenReceiver.json","build_id":"6bdd81ab0ea1d77f84656641940766de"}}},"seenByCompiler":true},"lib/forge-std/src/interfaces/IMulticall3.sol":{"lastModificationDate":1731750419228,"contentHash":"7b131ca1ca32ef6378b7b9ad5488b901","sourceName":"lib/forge-std/src/interfaces/IMulticall3.sol","compilerSettings":{"solc":{"optimizer":{"enabled":true,"runs":200},"metadata":{"useLiteralContent":false,"bytecodeHash":"ipfs","appendCBOR":true},"outputSelection":{"*":{"*":["abi","evm.bytecode","evm.deployedBytecode","evm.methodIdentifiers","metadata"]}},"evmVersion":"paris","viaIR":false,"libraries":{}},"vyper":{"evmVersion":"paris","outputSelection":{"*":{"*":["abi","evm.bytecode","evm.deployedBytecode"]}}}},"imports":[],"versionRequirement":">=0.6.2, <0.9.0","artifacts":{"IMulticall3":{"0.8.18":{"path":"IMulticall3.sol/IMulticall3.json","build_id":"6bdd81ab0ea1d77f84656641940766de"}}},"seenByCompiler":true},"lib/forge-std/src/mocks/MockERC20.sol":{"lastModificationDate":1731750419228,"contentHash":"8e14d63e81e1d54dbc2d44df38ae9dec","sourceName":"lib/forge-std/src/mocks/MockERC20.sol","compilerSettings":{"solc":{"optimizer":{"enabled":true,"runs":200},"metadata":{"useLiteralContent":false,"bytecodeHash":"ipfs","appendCBOR":true},"outputSelection":{"*":{"*":["abi","evm.bytecode","evm.deployedBytecode","evm.methodIdentifiers","metadata"]}},"evmVersion":"paris","viaIR":false,"libraries":{}},"vyper":{"evmVersion":"paris","outputSelection":{"*":{"*":["abi","evm.bytecode","evm.deployedBytecode"]}}}},"imports":["lib/forge-std/src/interfaces/IERC20.sol"],"versionRequirement":">=0.6.2, <0.9.0","artifacts":{"MockERC20":{"0.8.18":{"path":"MockERC20.sol/MockERC20.json","build_id":"6bdd81ab0ea1d77f84656641940766de"}}},"seenByCompiler":true},"lib/forge-std/src/mocks/MockERC721.sol":{"lastModificationDate":1731750419228,"contentHash":"e91cd9dba7f88f03710c56a347d89d1e","sourceName":"lib/forge-std/src/mocks/MockERC721.sol","compilerSettings":{"solc":{"optimizer":{"enabled":true,"runs":200},"metadata":{"useLiteralContent":false,"bytecodeHash":"ipfs","appendCBOR":true},"outputSelection":{"*":{"*":["abi","evm.bytecode","evm.deployedBytecode","evm.methodIdentifiers","metadata"]}},"evmVersion":"paris","viaIR":false,"libraries":{}},"vyper":{"evmVersion":"paris","outputSelection":{"*":{"*":["abi","evm.bytecode","evm.deployedBytecode"]}}}},"imports":["lib/forge-std/src/interfaces/IERC165.sol","lib/forge-std/src/interfaces/IERC721.sol"],"versionRequirement":">=0.6.2, <0.9.0","artifacts":{"MockERC721":{"0.8.18":{"path":"MockERC721.sol/MockERC721.json","build_id":"6bdd81ab0ea1d77f84656641940766de"}}},"seenByCompiler":true},"lib/forge-std/src/safeconsole.sol":{"lastModificationDate":1731750419228,"contentHash":"1445aa2f47000e212173e0cefd6c7a77","sourceName":"lib/forge-std/src/safeconsole.sol","compilerSettings":{"solc":{"optimizer":{"enabled":true,"runs":200},"metadata":{"useLiteralContent":false,"bytecodeHash":"ipfs","appendCBOR":true},"outputSelection":{"*":{"*":["abi","evm.bytecode","evm.deployedBytecode","evm.methodIdentifiers","metadata"]}},"evmVersion":"paris","viaIR":false,"libraries":{}},"vyper":{"evmVersion":"paris","outputSelection":{"*":{"*":["abi","evm.bytecode","evm.deployedBytecode"]}}}},"imports":[],"versionRequirement":">=0.6.2, <0.9.0","artifacts":{"safeconsole":{"0.8.18":{"path":"safeconsole.sol/safeconsole.json","build_id":"6bdd81ab0ea1d77f84656641940766de"}}},"seenByCompiler":true},"script/Counter.s.sol":{"lastModificationDate":1731750416043,"contentHash":"a3f39f45f6d251978d0155b376261aca","sourceName":"script/Counter.s.sol","compilerSettings":{"solc":{"optimizer":{"enabled":true,"runs":200},"metadata":{"useLiteralContent":false,"bytecodeHash":"ipfs","appendCBOR":true},"outputSelection":{"*":{"*":["abi","evm.bytecode","evm.deployedBytecode","evm.methodIdentifiers","metadata"]}},"evmVersion":"paris","viaIR":false,"libraries":{}},"vyper":{"evmVersion":"paris","outputSelection":{"*":{"*":["abi","evm.bytecode","evm.deployedBytecode"]}}}},"imports":["lib/forge-std/src/Base.sol","lib/forge-std/src/Script.sol","lib/forge-std/src/StdChains.sol","lib/forge-std/src/StdCheats.sol","lib/forge-std/src/StdJson.sol","lib/forge-std/src/StdMath.sol","lib/forge-std/src/StdStorage.sol","lib/forge-std/src/StdStyle.sol","lib/forge-std/src/StdUtils.sol","lib/forge-std/src/Vm.sol","lib/forge-std/src/console.sol","lib/forge-std/src/console2.sol","lib/forge-std/src/interfaces/IERC165.sol","lib/forge-std/src/interfaces/IERC20.sol","lib/forge-std/src/interfaces/IERC721.sol","lib/forge-std/src/interfaces/IMulticall3.sol","lib/forge-std/src/mocks/MockERC20.sol","lib/forge-std/src/mocks/MockERC721.sol","lib/forge-std/src/safeconsole.sol","src/Counter.sol"],"versionRequirement":"^0.8.13","artifacts":{"CounterScript":{"0.8.18":{"path":"Counter.s.sol/CounterScript.json","build_id":"6bdd81ab0ea1d77f84656641940766de"}}},"seenByCompiler":true},"src/Counter.sol":{"lastModificationDate":1731750416043,"contentHash":"ae6c800a2b4c57768024d6e9423d39e8","sourceName":"src/Counter.sol","compilerSettings":{"solc":{"optimizer":{"enabled":true,"runs":200},"metadata":{"useLiteralContent":false,"bytecodeHash":"ipfs","appendCBOR":true},"outputSelection":{"*":{"*":["abi","evm.bytecode","evm.deployedBytecode","evm.methodIdentifiers","metadata"]}},"evmVersion":"paris","viaIR":false,"libraries":{}},"vyper":{"evmVersion":"paris","outputSelection":{"*":{"*":["abi","evm.bytecode","evm.deployedBytecode"]}}}},"imports":[],"versionRequirement":"^0.8.13","artifacts":{"Counter":{"0.8.18":{"path":"Counter.sol/Counter.json","build_id":"6bdd81ab0ea1d77f84656641940766de"}}},"seenByCompiler":true},"src/bypasscontract.sol":{"lastModificationDate":1731751433585,"contentHash":"a2b46dce46c90a8b66673500d27b777d","sourceName":"src/bypasscontract.sol","compilerSettings":{"solc":{"optimizer":{"enabled":true,"runs":200},"metadata":{"useLiteralContent":false,"bytecodeHash":"ipfs","appendCBOR":true},"outputSelection":{"*":{"*":["abi","evm.bytecode","evm.deployedBytecode","evm.methodIdentifiers","metadata"]}},"evmVersion":"paris","viaIR":false,"libraries":{}},"vyper":{"evmVersion":"paris","outputSelection":{"*":{"*":["abi","evm.bytecode","evm.deployedBytecode"]}}}},"imports":["lib/forge-std/src/Base.sol","lib/forge-std/src/StdAssertions.sol","lib/forge-std/src/StdChains.sol","lib/forge-std/src/StdCheats.sol","lib/forge-std/src/StdError.sol","lib/forge-std/src/StdInvariant.sol","lib/forge-std/src/StdJson.sol","lib/forge-std/src/StdMath.sol","lib/forge-std/src/StdStorage.sol","lib/forge-std/src/StdStyle.sol","lib/forge-std/src/StdToml.sol","lib/forge-std/src/StdUtils.sol","lib/forge-std/src/Test.sol","lib/forge-std/src/Vm.sol","lib/forge-std/src/console.sol","lib/forge-std/src/console2.sol","lib/forge-std/src/interfaces/IERC165.sol","lib/forge-std/src/interfaces/IERC20.sol","lib/forge-std/src/interfaces/IERC721.sol","lib/forge-std/src/interfaces/IMulticall3.sol","lib/forge-std/src/mocks/MockERC20.sol","lib/forge-std/src/mocks/MockERC721.sol","lib/forge-std/src/safeconsole.sol"],"versionRequirement":"^0.8.18","artifacts":{"ContractTest":{"0.8.18":{"path":"bypasscontract.sol/ContractTest.json","build_id":"7c7f1271672a5d07c13dab49b356aa19"}},"VaultManager":{"0.8.18":{"path":"bypasscontract.sol/VaultManager.json","build_id":"7c7f1271672a5d07c13dab49b356aa19"}}},"seenByCompiler":true},"src/bypassexploit.sol":{"lastModificationDate":1731750295742,"contentHash":"ca24e4bf9257c3f3c95b30975602339b","sourceName":"src/bypassexploit.sol","compilerSettings":{"solc":{"optimizer":{"enabled":true,"runs":200},"metadata":{"useLiteralContent":false,"bytecodeHash":"ipfs","appendCBOR":true},"outputSelection":{"*":{"*":["abi","evm.bytecode","evm.deployedBytecode","evm.methodIdentifiers","metadata"]}},"evmVersion":"paris","viaIR":false,"libraries":{}},"vyper":{"evmVersion":"paris","outputSelection":{"*":{"*":["abi","evm.bytecode","evm.deployedBytecode"]}}}},"imports":["lib/forge-std/src/Base.sol","lib/forge-std/src/StdAssertions.sol","lib/forge-std/src/StdChains.sol","lib/forge-std/src/StdCheats.sol","lib/forge-std/src/StdError.sol","lib/forge-std/src/StdInvariant.sol","lib/forge-std/src/StdJson.sol","lib/forge-std/src/StdMath.sol","lib/forge-std/src/StdStorage.sol","lib/forge-std/src/StdStyle.sol","lib/forge-std/src/StdToml.sol","lib/forge-std/src/StdUtils.sol","lib/forge-std/src/Test.sol","lib/forge-std/src/Vm.sol","lib/forge-std/src/console.sol","lib/forge-std/src/console2.sol","lib/forge-std/src/interfaces/IERC165.sol","lib/forge-std/src/interfaces/IERC20.sol","lib/forge-std/src/interfaces/IERC721.sol","lib/forge-std/src/interfaces/IMulticall3.sol","lib/forge-std/src/mocks/MockERC20.sol","lib/forge-std/src/mocks/MockERC721.sol","lib/forge-std/src/safeconsole.sol","src/bypasscontract.sol"],"versionRequirement":"^0.8.18","artifacts":{"Exploit":{"0.8.18":{"path":"bypassexploit.sol/Exploit.json","build_id":"7c7f1271672a5d07c13dab49b356aa19"}}},"seenByCompiler":true},"src/bypassmitigation.sol":{"lastModificationDate":1731750216601,"contentHash":"c50d93f801b55c72e41e246919e0c21e","sourceName":"src/bypassmitigation.sol","compilerSettings":{"solc":{"optimizer":{"enabled":true,"runs":200},"metadata":{"useLiteralContent":false,"bytecodeHash":"ipfs","appendCBOR":true},"outputSelection":{"*":{"*":["abi","evm.bytecode","evm.deployedBytecode","evm.methodIdentifiers","metadata"]}},"evmVersion":"paris","viaIR":false,"libraries":{}},"vyper":{"evmVersion":"paris","outputSelection":{"*":{"*":["abi","evm.bytecode","evm.deployedBytecode"]}}}},"imports":[],"versionRequirement":"^0.8.18","artifacts":{"VaultManager":{"0.8.18":{"path":"bypassmitigation.sol/VaultManager.json","build_id":"6bdd81ab0ea1d77f84656641940766de"}}},"seenByCompiler":true},"test/Counter.t.sol":{"lastModificationDate":1731750416043,"contentHash":"9d959b237381565c33e0fda71b690f32","sourceName":"test/Counter.t.sol","compilerSettings":{"solc":{"optimizer":{"enabled":true,"runs":200},"metadata":{"useLiteralContent":false,"bytecodeHash":"ipfs","appendCBOR":true},"outputSelection":{"*":{"*":["abi","evm.bytecode","evm.deployedBytecode","evm.methodIdentifiers","metadata"]}},"evmVersion":"paris","viaIR":false,"libraries":{}},"vyper":{"evmVersion":"paris","outputSelection":{"*":{"*":["abi","evm.bytecode","evm.deployedBytecode"]}}}},"imports":["lib/forge-std/src/Base.sol","lib/forge-std/src/StdAssertions.sol","lib/forge-std/src/StdChains.sol","lib/forge-std/src/StdCheats.sol","lib/forge-std/src/StdError.sol","lib/forge-std/src/StdInvariant.sol","lib/forge-std/src/StdJson.sol","lib/forge-std/src/StdMath.sol","lib/forge-std/src/StdStorage.sol","lib/forge-std/src/StdStyle.sol","lib/forge-std/src/StdToml.sol","lib/forge-std/src/StdUtils.sol","lib/forge-std/src/Test.sol","lib/forge-std/src/Vm.sol","lib/forge-std/src/console.sol","lib/forge-std/src/console2.sol","lib/forge-std/src/interfaces/IERC165.sol","lib/forge-std/src/interfaces/IERC20.sol","lib/forge-std/src/interfaces/IERC721.sol","lib/forge-std/src/interfaces/IMulticall3.sol","lib/forge-std/src/mocks/MockERC20.sol","lib/forge-std/src/mocks/MockERC721.sol","lib/forge-std/src/safeconsole.sol","src/Counter.sol"],"versionRequirement":"^0.8.13","artifacts":{"CounterTest":{"0.8.18":{"path":"Counter.t.sol/CounterTest.json","build_id":"6bdd81ab0ea1d77f84656641940766de"}}},"seenByCompiler":true},"test/test.sol":{"lastModificationDate":1731751303767,"contentHash":"3df733fce313d71047124de867480671","sourceName":"test/test.sol","compilerSettings":{"solc":{"optimizer":{"enabled":true,"runs":200},"metadata":{"useLiteralContent":false,"bytecodeHash":"ipfs","appendCBOR":true},"outputSelection":{"*":{"*":["abi","evm.bytecode","evm.deployedBytecode","evm.methodIdentifiers","metadata"]}},"evmVersion":"paris","viaIR":false,"libraries":{}},"vyper":{"evmVersion":"paris","outputSelection":{"*":{"*":["abi","evm.bytecode","evm.deployedBytecode"]}}}},"imports":["lib/forge-std/src/Base.sol","lib/forge-std/src/StdAssertions.sol","lib/forge-std/src/StdChains.sol","lib/forge-std/src/StdCheats.sol","lib/forge-std/src/StdError.sol","lib/forge-std/src/StdInvariant.sol","lib/forge-std/src/StdJson.sol","lib/forge-std/src/StdMath.sol","lib/forge-std/src/StdStorage.sol","lib/forge-std/src/StdStyle.sol","lib/forge-std/src/StdToml.sol","lib/forge-std/src/StdUtils.sol","lib/forge-std/src/Test.sol","lib/forge-std/src/Vm.sol","lib/forge-std/src/console.sol","lib/forge-std/src/console2.sol","lib/forge-std/src/interfaces/IERC165.sol","lib/forge-std/src/interfaces/IERC20.sol","lib/forge-std/src/interfaces/IERC721.sol","lib/forge-std/src/interfaces/IMulticall3.sol","lib/forge-std/src/mocks/MockERC20.sol","lib/forge-std/src/mocks/MockERC721.sol","lib/forge-std/src/safeconsole.sol","src/bypasscontract.sol"],"versionRequirement":"^0.8.18","artifacts":{"BypassContractTest":{"0.8.18":{"path":"test.sol/BypassContractTest.json","build_id":"7c7f1271672a5d07c13dab49b356aa19"}}},"seenByCompiler":true}},"builds":["6bdd81ab0ea1d77f84656641940766de","7c7f1271672a5d07c13dab49b356aa19"]}