{"_format":"","paths":{"artifacts":"out","build_infos":"out/build-info","sources":"src","tests":"test","scripts":"script","libraries":["lib"]},"files":{"lib/forge-std/src/Base.sol":{"lastModificationDate":1731753305185,"contentHash":"ee13c050b1914464f1d3f90cde90204b","sourceName":"lib/forge-std/src/Base.sol","compilerSettings":{"solc":{"optimizer":{"enabled":true,"runs":200},"metadata":{"useLiteralContent":false,"bytecodeHash":"ipfs","appendCBOR":true},"outputSelection":{"*":{"*":["abi","evm.bytecode","evm.deployedBytecode","evm.methodIdentifiers","metadata"]}},"evmVersion":"london","viaIR":false,"libraries":{}},"vyper":{"evmVersion":"london","outputSelection":{"*":{"*":["abi","evm.bytecode","evm.deployedBytecode"]}}}},"imports":["lib/forge-std/src/StdStorage.sol","lib/forge-std/src/Vm.sol"],"versionRequirement":">=0.6.2, <0.9.0","artifacts":{"CommonBase":{"0.8.13":{"path":"Base.sol/CommonBase.json","build_id":"19c5e813e040b8d4e410206f1422c0ae"}},"ScriptBase":{"0.8.13":{"path":"Base.sol/ScriptBase.json","build_id":"19c5e813e040b8d4e410206f1422c0ae"}},"TestBase":{"0.8.13":{"path":"Base.sol/TestBase.json","build_id":"19c5e813e040b8d4e410206f1422c0ae"}}},"seenByCompiler":true},"lib/forge-std/src/StdAssertions.sol":{"lastModificationDate":1731753305185,"contentHash":"25b77f9806b64d497b8a46aeb8e5f6f0","sourceName":"lib/forge-std/src/StdAssertions.sol","compilerSettings":{"solc":{"optimizer":{"enabled":true,"runs":200},"metadata":{"useLiteralContent":false,"bytecodeHash":"ipfs","appendCBOR":true},"outputSelection":{"*":{"*":["abi","evm.bytecode","evm.deployedBytecode","evm.methodIdentifiers","metadata"]}},"evmVersion":"london","viaIR":false,"libraries":{}},"vyper":{"evmVersion":"london","outputSelection":{"*":{"*":["abi","evm.bytecode","evm.deployedBytecode"]}}}},"imports":["lib/forge-std/src/Vm.sol"],"versionRequirement":">=0.6.2, <0.9.0","artifacts":{"StdAssertions":{"0.8.13":{"path":"StdAssertions.sol/StdAssertions.json","build_id":"19c5e813e040b8d4e410206f1422c0ae"}}},"seenByCompiler":true},"lib/forge-std/src/StdChains.sol":{"lastModificationDate":1731753305185,"contentHash":"b039727c96bb3d5b9a59448fd16b1e0f","sourceName":"lib/forge-std/src/StdChains.sol","compilerSettings":{"solc":{"optimizer":{"enabled":true,"runs":200},"metadata":{"useLiteralContent":false,"bytecodeHash":"ipfs","appendCBOR":true},"outputSelection":{"*":{"*":["abi","evm.bytecode","evm.deployedBytecode","evm.methodIdentifiers","metadata"]}},"evmVersion":"london","viaIR":false,"libraries":{}},"vyper":{"evmVersion":"london","outputSelection":{"*":{"*":["abi","evm.bytecode","evm.deployedBytecode"]}}}},"imports":["lib/forge-std/src/Vm.sol"],"versionRequirement":">=0.6.2, <0.9.0","artifacts":{"StdChains":{"0.8.13":{"path":"StdChains.sol/StdChains.json","build_id":"19c5e813e040b8d4e410206f1422c0ae"}}},"seenByCompiler":true},"lib/forge-std/src/StdCheats.sol":{"lastModificationDate":1731753305185,"contentHash":"96c712134b63f85d00461749d0c1611c","sourceName":"lib/forge-std/src/StdCheats.sol","compilerSettings":{"solc":{"optimizer":{"enabled":true,"runs":200},"metadata":{"useLiteralContent":false,"bytecodeHash":"ipfs","appendCBOR":true},"outputSelection":{"*":{"*":["abi","evm.bytecode","evm.deployedBytecode","evm.methodIdentifiers","metadata"]}},"evmVersion":"london","viaIR":false,"libraries":{}},"vyper":{"evmVersion":"london","outputSelection":{"*":{"*":["abi","evm.bytecode","evm.deployedBytecode"]}}}},"imports":["lib/forge-std/src/StdStorage.sol","lib/forge-std/src/Vm.sol","lib/forge-std/src/console.sol","lib/forge-std/src/console2.sol"],"versionRequirement":">=0.6.2, <0.9.0","artifacts":{"StdCheats":{"0.8.13":{"path":"StdCheats.sol/StdCheats.json","build_id":"19c5e813e040b8d4e410206f1422c0ae"}},"StdCheatsSafe":{"0.8.13":{"path":"StdCheats.sol/StdCheatsSafe.json","build_id":"19c5e813e040b8d4e410206f1422c0ae"}}},"seenByCompiler":true},"lib/forge-std/src/StdError.sol":{"lastModificationDate":1731753305186,"contentHash":"64c896e1276a291776e5ea5aecb3870a","sourceName":"lib/forge-std/src/StdError.sol","compilerSettings":{"solc":{"optimizer":{"enabled":true,"runs":200},"metadata":{"useLiteralContent":false,"bytecodeHash":"ipfs","appendCBOR":true},"outputSelection":{"*":{"*":["abi","evm.bytecode","evm.deployedBytecode","evm.methodIdentifiers","metadata"]}},"evmVersion":"london","viaIR":false,"libraries":{}},"vyper":{"evmVersion":"london","outputSelection":{"*":{"*":["abi","evm.bytecode","evm.deployedBytecode"]}}}},"imports":[],"versionRequirement":">=0.6.2, <0.9.0","artifacts":{"stdError":{"0.8.13":{"path":"StdError.sol/stdError.json","build_id":"19c5e813e040b8d4e410206f1422c0ae"}}},"seenByCompiler":true},"lib/forge-std/src/StdInvariant.sol":{"lastModificationDate":1731753305186,"contentHash":"f16837d0e7cb829544ae1f1319ea7643","sourceName":"lib/forge-std/src/StdInvariant.sol","compilerSettings":{"solc":{"optimizer":{"enabled":true,"runs":200},"metadata":{"useLiteralContent":false,"bytecodeHash":"ipfs","appendCBOR":true},"outputSelection":{"*":{"*":["abi","evm.bytecode","evm.deployedBytecode","evm.methodIdentifiers","metadata"]}},"evmVersion":"london","viaIR":false,"libraries":{}},"vyper":{"evmVersion":"london","outputSelection":{"*":{"*":["abi","evm.bytecode","evm.deployedBytecode"]}}}},"imports":[],"versionRequirement":">=0.6.2, <0.9.0","artifacts":{"StdInvariant":{"0.8.13":{"path":"StdInvariant.sol/StdInvariant.json","build_id":"19c5e813e040b8d4e410206f1422c0ae"}}},"seenByCompiler":true},"lib/forge-std/src/StdJson.sol":{"lastModificationDate":1731753305186,"contentHash":"02209da5708eaee03e24a9c24a687370","sourceName":"lib/forge-std/src/StdJson.sol","compilerSettings":{"solc":{"optimizer":{"enabled":true,"runs":200},"metadata":{"useLiteralContent":false,"bytecodeHash":"ipfs","appendCBOR":true},"outputSelection":{"*":{"*":["abi","evm.bytecode","evm.deployedBytecode","evm.methodIdentifiers","metadata"]}},"evmVersion":"london","viaIR":false,"libraries":{}},"vyper":{"evmVersion":"london","outputSelection":{"*":{"*":["abi","evm.bytecode","evm.deployedBytecode"]}}}},"imports":["lib/forge-std/src/Vm.sol"],"versionRequirement":">=0.6.0, <0.9.0","artifacts":{"stdJson":{"0.8.13":{"path":"StdJson.sol/stdJson.json","build_id":"19c5e813e040b8d4e410206f1422c0ae"}}},"seenByCompiler":true},"lib/forge-std/src/StdMath.sol":{"lastModificationDate":1731753305186,"contentHash":"9da8f453eba6bb98f3d75bc6822bfb29","sourceName":"lib/forge-std/src/StdMath.sol","compilerSettings":{"solc":{"optimizer":{"enabled":true,"runs":200},"metadata":{"useLiteralContent":false,"bytecodeHash":"ipfs","appendCBOR":true},"outputSelection":{"*":{"*":["abi","evm.bytecode","evm.deployedBytecode","evm.methodIdentifiers","metadata"]}},"evmVersion":"london","viaIR":false,"libraries":{}},"vyper":{"evmVersion":"london","outputSelection":{"*":{"*":["abi","evm.bytecode","evm.deployedBytecode"]}}}},"imports":[],"versionRequirement":">=0.6.2, <0.9.0","artifacts":{"stdMath":{"0.8.13":{"path":"StdMath.sol/stdMath.json","build_id":"19c5e813e040b8d4e410206f1422c0ae"}}},"seenByCompiler":true},"lib/forge-std/src/StdStorage.sol":{"lastModificationDate":1731753305186,"contentHash":"ce68f6e336944f16d31351a47d0b19b8","sourceName":"lib/forge-std/src/StdStorage.sol","compilerSettings":{"solc":{"optimizer":{"enabled":true,"runs":200},"metadata":{"useLiteralContent":false,"bytecodeHash":"ipfs","appendCBOR":true},"outputSelection":{"*":{"*":["abi","evm.bytecode","evm.deployedBytecode","evm.methodIdentifiers","metadata"]}},"evmVersion":"london","viaIR":false,"libraries":{}},"vyper":{"evmVersion":"london","outputSelection":{"*":{"*":["abi","evm.bytecode","evm.deployedBytecode"]}}}},"imports":["lib/forge-std/src/Vm.sol"],"versionRequirement":">=0.6.2, <0.9.0","artifacts":{"stdStorage":{"0.8.13":{"path":"StdStorage.sol/stdStorage.json","build_id":"19c5e813e040b8d4e410206f1422c0ae"}},"stdStorageSafe":{"0.8.13":{"path":"StdStorage.sol/stdStorageSafe.json","build_id":"19c5e813e040b8d4e410206f1422c0ae"}}},"seenByCompiler":true},"lib/forge-std/src/StdStyle.sol":{"lastModificationDate":1731753305186,"contentHash":"6281165a12aa639705c691fccefd855e","sourceName":"lib/forge-std/src/StdStyle.sol","compilerSettings":{"solc":{"optimizer":{"enabled":true,"runs":200},"metadata":{"useLiteralContent":false,"bytecodeHash":"ipfs","appendCBOR":true},"outputSelection":{"*":{"*":["abi","evm.bytecode","evm.deployedBytecode","evm.methodIdentifiers","metadata"]}},"evmVersion":"london","viaIR":false,"libraries":{}},"vyper":{"evmVersion":"london","outputSelection":{"*":{"*":["abi","evm.bytecode","evm.deployedBytecode"]}}}},"imports":["lib/forge-std/src/Vm.sol"],"versionRequirement":">=0.4.22, <0.9.0","artifacts":{"StdStyle":{"0.8.13":{"path":"StdStyle.sol/StdStyle.json","build_id":"19c5e813e040b8d4e410206f1422c0ae"}}},"seenByCompiler":true},"lib/forge-std/src/StdToml.sol":{"lastModificationDate":1731753305186,"contentHash":"4bce85a4c60f2c073e651ee8140bcb4d","sourceName":"lib/forge-std/src/StdToml.sol","compilerSettings":{"solc":{"optimizer":{"enabled":true,"runs":200},"metadata":{"useLiteralContent":false,"bytecodeHash":"ipfs","appendCBOR":true},"outputSelection":{"*":{"*":["abi","evm.bytecode","evm.deployedBytecode","evm.methodIdentifiers","metadata"]}},"evmVersion":"london","viaIR":false,"libraries":{}},"vyper":{"evmVersion":"london","outputSelection":{"*":{"*":["abi","evm.bytecode","evm.deployedBytecode"]}}}},"imports":["lib/forge-std/src/Vm.sol"],"versionRequirement":">=0.6.0, <0.9.0","artifacts":{"stdToml":{"0.8.13":{"path":"StdToml.sol/stdToml.json","build_id":"19c5e813e040b8d4e410206f1422c0ae"}}},"seenByCompiler":true},"lib/forge-std/src/StdUtils.sol":{"lastModificationDate":1731753305186,"contentHash":"b50717f17f251a2a96a5884c90add7bf","sourceName":"lib/forge-std/src/StdUtils.sol","compilerSettings":{"solc":{"optimizer":{"enabled":true,"runs":200},"metadata":{"useLiteralContent":false,"bytecodeHash":"ipfs","appendCBOR":true},"outputSelection":{"*":{"*":["abi","evm.bytecode","evm.deployedBytecode","evm.methodIdentifiers","metadata"]}},"evmVersion":"london","viaIR":false,"libraries":{}},"vyper":{"evmVersion":"london","outputSelection":{"*":{"*":["abi","evm.bytecode","evm.deployedBytecode"]}}}},"imports":["lib/forge-std/src/Vm.sol","lib/forge-std/src/interfaces/IERC165.sol","lib/forge-std/src/interfaces/IERC20.sol","lib/forge-std/src/interfaces/IERC721.sol","lib/forge-std/src/interfaces/IMulticall3.sol","lib/forge-std/src/mocks/MockERC20.sol","lib/forge-std/src/mocks/MockERC721.sol"],"versionRequirement":">=0.6.2, <0.9.0","artifacts":{"StdUtils":{"0.8.13":{"path":"StdUtils.sol/StdUtils.json","build_id":"19c5e813e040b8d4e410206f1422c0ae"}}},"seenByCompiler":true},"lib/forge-std/src/Test.sol":{"lastModificationDate":1731753305186,"contentHash":"b6f15605355fc8c421fe42a90f94bf32","sourceName":"lib/forge-std/src/Test.sol","compilerSettings":{"solc":{"optimizer":{"enabled":true,"runs":200},"metadata":{"useLiteralContent":false,"bytecodeHash":"ipfs","appendCBOR":true},"outputSelection":{"*":{"*":["abi","evm.bytecode","evm.deployedBytecode","evm.methodIdentifiers","metadata"]}},"evmVersion":"london","viaIR":false,"libraries":{}},"vyper":{"evmVersion":"london","outputSelection":{"*":{"*":["abi","evm.bytecode","evm.deployedBytecode"]}}}},"imports":["lib/forge-std/src/Base.sol","lib/forge-std/src/StdAssertions.sol","lib/forge-std/src/StdChains.sol","lib/forge-std/src/StdCheats.sol","lib/forge-std/src/StdError.sol","lib/forge-std/src/StdInvariant.sol","lib/forge-std/src/StdJson.sol","lib/forge-std/src/StdMath.sol","lib/forge-std/src/StdStorage.sol","lib/forge-std/src/StdStyle.sol","lib/forge-std/src/StdToml.sol","lib/forge-std/src/StdUtils.sol","lib/forge-std/src/Vm.sol","lib/forge-std/src/console.sol","lib/forge-std/src/console2.sol","lib/forge-std/src/interfaces/IERC165.sol","lib/forge-std/src/interfaces/IERC20.sol","lib/forge-std/src/interfaces/IERC721.sol","lib/forge-std/src/interfaces/IMulticall3.sol","lib/forge-std/src/mocks/MockERC20.sol","lib/forge-std/src/mocks/MockERC721.sol","lib/forge-std/src/safeconsole.sol"],"versionRequirement":">=0.6.2, <0.9.0","artifacts":{"Test":{"0.8.13":{"path":"Test.sol/Test.json","build_id":"19c5e813e040b8d4e410206f1422c0ae"}}},"seenByCompiler":true},"lib/forge-std/src/Vm.sol":{"lastModificationDate":1731753305211,"contentHash":"707e31ca7be04756b2a1b853d9c110ac","sourceName":"lib/forge-std/src/Vm.sol","compilerSettings":{"solc":{"optimizer":{"enabled":true,"runs":200},"metadata":{"useLiteralContent":false,"bytecodeHash":"ipfs","appendCBOR":true},"outputSelection":{"*":{"*":["abi","evm.bytecode","evm.deployedBytecode","evm.methodIdentifiers","metadata"]}},"evmVersion":"london","viaIR":false,"libraries":{}},"vyper":{"evmVersion":"london","outputSelection":{"*":{"*":["abi","evm.bytecode","evm.deployedBytecode"]}}}},"imports":[],"versionRequirement":">=0.6.2, <0.9.0","artifacts":{"Vm":{"0.8.13":{"path":"Vm.sol/Vm.json","build_id":"19c5e813e040b8d4e410206f1422c0ae"}},"VmSafe":{"0.8.13":{"path":"Vm.sol/VmSafe.json","build_id":"19c5e813e040b8d4e410206f1422c0ae"}}},"seenByCompiler":true},"lib/forge-std/src/console.sol":{"lastModificationDate":1731753305187,"contentHash":"ce19a9e49945b42118379ff99d853c05","sourceName":"lib/forge-std/src/console.sol","compilerSettings":{"solc":{"optimizer":{"enabled":true,"runs":200},"metadata":{"useLiteralContent":false,"bytecodeHash":"ipfs","appendCBOR":true},"outputSelection":{"*":{"*":["abi","evm.bytecode","evm.deployedBytecode","evm.methodIdentifiers","metadata"]}},"evmVersion":"london","viaIR":false,"libraries":{}},"vyper":{"evmVersion":"london","outputSelection":{"*":{"*":["abi","evm.bytecode","evm.deployedBytecode"]}}}},"imports":[],"versionRequirement":">=0.4.22, <0.9.0","artifacts":{"console":{"0.8.13":{"path":"console.sol/console.json","build_id":"19c5e813e040b8d4e410206f1422c0ae"}}},"seenByCompiler":true},"lib/forge-std/src/console2.sol":{"lastModificationDate":1731753305187,"contentHash":"f65ad21034b111e70fb5342d5771efcd","sourceName":"lib/forge-std/src/console2.sol","compilerSettings":{"solc":{"optimizer":{"enabled":true,"runs":200},"metadata":{"useLiteralContent":false,"bytecodeHash":"ipfs","appendCBOR":true},"outputSelection":{"*":{"*":["abi","evm.bytecode","evm.deployedBytecode","evm.methodIdentifiers","metadata"]}},"evmVersion":"london","viaIR":false,"libraries":{}},"vyper":{"evmVersion":"london","outputSelection":{"*":{"*":["abi","evm.bytecode","evm.deployedBytecode"]}}}},"imports":["lib/forge-std/src/console.sol"],"versionRequirement":">=0.4.22, <0.9.0","artifacts":{},"seenByCompiler":true},"lib/forge-std/src/interfaces/IERC165.sol":{"lastModificationDate":1731753305187,"contentHash":"90fe5e2e3ed432d6f3b408e7c9e8a739","sourceName":"lib/forge-std/src/interfaces/IERC165.sol","compilerSettings":{"solc":{"optimizer":{"enabled":true,"runs":200},"metadata":{"useLiteralContent":false,"bytecodeHash":"ipfs","appendCBOR":true},"outputSelection":{"*":{"*":["abi","evm.bytecode","evm.deployedBytecode","evm.methodIdentifiers","metadata"]}},"evmVersion":"london","viaIR":false,"libraries":{}},"vyper":{"evmVersion":"london","outputSelection":{"*":{"*":["abi","evm.bytecode","evm.deployedBytecode"]}}}},"imports":[],"versionRequirement":">=0.6.2","artifacts":{"IERC165":{"0.8.13":{"path":"IERC165.sol/IERC165.json","build_id":"19c5e813e040b8d4e410206f1422c0ae"}}},"seenByCompiler":true},"lib/forge-std/src/interfaces/IERC20.sol":{"lastModificationDate":1731753305187,"contentHash":"8099161d518e5862a76750349d58e801","sourceName":"lib/forge-std/src/interfaces/IERC20.sol","compilerSettings":{"solc":{"optimizer":{"enabled":true,"runs":200},"metadata":{"useLiteralContent":false,"bytecodeHash":"ipfs","appendCBOR":true},"outputSelection":{"*":{"*":["abi","evm.bytecode","evm.deployedBytecode","evm.methodIdentifiers","metadata"]}},"evmVersion":"london","viaIR":false,"libraries":{}},"vyper":{"evmVersion":"london","outputSelection":{"*":{"*":["abi","evm.bytecode","evm.deployedBytecode"]}}}},"imports":[],"versionRequirement":">=0.6.2","artifacts":{"IERC20":{"0.8.13":{"path":"IERC20.sol/IERC20.json","build_id":"19c5e813e040b8d4e410206f1422c0ae"}}},"seenByCompiler":true},"lib/forge-std/src/interfaces/IERC721.sol":{"lastModificationDate":1731753305187,"contentHash":"efc26e7f9a2f76b68088c8760ceae2dc","sourceName":"lib/forge-std/src/interfaces/IERC721.sol","compilerSettings":{"solc":{"optimizer":{"enabled":true,"runs":200},"metadata":{"useLiteralContent":false,"bytecodeHash":"ipfs","appendCBOR":true},"outputSelection":{"*":{"*":["abi","evm.bytecode","evm.deployedBytecode","evm.methodIdentifiers","metadata"]}},"evmVersion":"london","viaIR":false,"libraries":{}},"vyper":{"evmVersion":"london","outputSelection":{"*":{"*":["abi","evm.bytecode","evm.deployedBytecode"]}}}},"imports":["lib/forge-std/src/interfaces/IERC165.sol"],"versionRequirement":">=0.6.2","artifacts":{"IERC721":{"0.8.13":{"path":"IERC721.sol/IERC721.json","build_id":"19c5e813e040b8d4e410206f1422c0ae"}},"IERC721Enumerable":{"0.8.13":{"path":"IERC721.sol/IERC721Enumerable.json","build_id":"19c5e813e040b8d4e410206f1422c0ae"}},"IERC721Metadata":{"0.8.13":{"path":"IERC721.sol/IERC721Metadata.json","build_id":"19c5e813e040b8d4e410206f1422c0ae"}},"IERC721TokenReceiver":{"0.8.13":{"path":"IERC721.sol/IERC721TokenReceiver.json","build_id":"19c5e813e040b8d4e410206f1422c0ae"}}},"seenByCompiler":true},"lib/forge-std/src/interfaces/IMulticall3.sol":{"lastModificationDate":1731753305187,"contentHash":"7b131ca1ca32ef6378b7b9ad5488b901","sourceName":"lib/forge-std/src/interfaces/IMulticall3.sol","compilerSettings":{"solc":{"optimizer":{"enabled":true,"runs":200},"metadata":{"useLiteralContent":false,"bytecodeHash":"ipfs","appendCBOR":true},"outputSelection":{"*":{"*":["abi","evm.bytecode","evm.deployedBytecode","evm.methodIdentifiers","metadata"]}},"evmVersion":"london","viaIR":false,"libraries":{}},"vyper":{"evmVersion":"london","outputSelection":{"*":{"*":["abi","evm.bytecode","evm.deployedBytecode"]}}}},"imports":[],"versionRequirement":">=0.6.2, <0.9.0","artifacts":{"IMulticall3":{"0.8.13":{"path":"IMulticall3.sol/IMulticall3.json","build_id":"19c5e813e040b8d4e410206f1422c0ae"}}},"seenByCompiler":true},"lib/forge-std/src/mocks/MockERC20.sol":{"lastModificationDate":1731753305188,"contentHash":"8e14d63e81e1d54dbc2d44df38ae9dec","sourceName":"lib/forge-std/src/mocks/MockERC20.sol","compilerSettings":{"solc":{"optimizer":{"enabled":true,"runs":200},"metadata":{"useLiteralContent":false,"bytecodeHash":"ipfs","appendCBOR":true},"outputSelection":{"*":{"*":["abi","evm.bytecode","evm.deployedBytecode","evm.methodIdentifiers","metadata"]}},"evmVersion":"london","viaIR":false,"libraries":{}},"vyper":{"evmVersion":"london","outputSelection":{"*":{"*":["abi","evm.bytecode","evm.deployedBytecode"]}}}},"imports":["lib/forge-std/src/interfaces/IERC20.sol"],"versionRequirement":">=0.6.2, <0.9.0","artifacts":{"MockERC20":{"0.8.13":{"path":"MockERC20.sol/MockERC20.json","build_id":"19c5e813e040b8d4e410206f1422c0ae"}}},"seenByCompiler":true},"lib/forge-std/src/mocks/MockERC721.sol":{"lastModificationDate":1731753305188,"contentHash":"e91cd9dba7f88f03710c56a347d89d1e","sourceName":"lib/forge-std/src/mocks/MockERC721.sol","compilerSettings":{"solc":{"optimizer":{"enabled":true,"runs":200},"metadata":{"useLiteralContent":false,"bytecodeHash":"ipfs","appendCBOR":true},"outputSelection":{"*":{"*":["abi","evm.bytecode","evm.deployedBytecode","evm.methodIdentifiers","metadata"]}},"evmVersion":"london","viaIR":false,"libraries":{}},"vyper":{"evmVersion":"london","outputSelection":{"*":{"*":["abi","evm.bytecode","evm.deployedBytecode"]}}}},"imports":["lib/forge-std/src/interfaces/IERC165.sol","lib/forge-std/src/interfaces/IERC721.sol"],"versionRequirement":">=0.6.2, <0.9.0","artifacts":{"MockERC721":{"0.8.13":{"path":"MockERC721.sol/MockERC721.json","build_id":"19c5e813e040b8d4e410206f1422c0ae"}}},"seenByCompiler":true},"lib/forge-std/src/safeconsole.sol":{"lastModificationDate":1731753305188,"contentHash":"1445aa2f47000e212173e0cefd6c7a77","sourceName":"lib/forge-std/src/safeconsole.sol","compilerSettings":{"solc":{"optimizer":{"enabled":true,"runs":200},"metadata":{"useLiteralContent":false,"bytecodeHash":"ipfs","appendCBOR":true},"outputSelection":{"*":{"*":["abi","evm.bytecode","evm.deployedBytecode","evm.methodIdentifiers","metadata"]}},"evmVersion":"london","viaIR":false,"libraries":{}},"vyper":{"evmVersion":"london","outputSelection":{"*":{"*":["abi","evm.bytecode","evm.deployedBytecode"]}}}},"imports":[],"versionRequirement":">=0.6.2, <0.9.0","artifacts":{"safeconsole":{"0.8.13":{"path":"safeconsole.sol/safeconsole.json","build_id":"19c5e813e040b8d4e410206f1422c0ae"}}},"seenByCompiler":true},"src/Counter.sol":{"lastModificationDate":1731753302058,"contentHash":"ae6c800a2b4c57768024d6e9423d39e8","sourceName":"src/Counter.sol","compilerSettings":{"solc":{"optimizer":{"enabled":true,"runs":200},"metadata":{"useLiteralContent":false,"bytecodeHash":"ipfs","appendCBOR":true},"outputSelection":{"*":{"*":["abi","evm.bytecode","evm.deployedBytecode","evm.methodIdentifiers","metadata"]}},"evmVersion":"london","viaIR":false,"libraries":{}},"vyper":{"evmVersion":"london","outputSelection":{"*":{"*":["abi","evm.bytecode","evm.deployedBytecode"]}}}},"imports":[],"versionRequirement":"^0.8.13","artifacts":{"Counter":{"0.8.13":{"path":"Counter.sol/Counter.json","build_id":"19c5e813e040b8d4e410206f1422c0ae"}}},"seenByCompiler":true},"src/SafeCastExploit.sol":{"lastModificationDate":1731761886834,"contentHash":"f54a4e01d6c7303ff338b4dbfef33129","sourceName":"src/SafeCastExploit.sol","compilerSettings":{"solc":{"optimizer":{"enabled":true,"runs":200},"metadata":{"useLiteralContent":false,"bytecodeHash":"ipfs","appendCBOR":true},"outputSelection":{"*":{"*":["abi","evm.bytecode","evm.deployedBytecode","evm.methodIdentifiers","metadata"]}},"evmVersion":"london","viaIR":false,"libraries":{}},"vyper":{"evmVersion":"london","outputSelection":{"*":{"*":["abi","evm.bytecode","evm.deployedBytecode"]}}}},"imports":["src/SafeCastVuln.sol"],"versionRequirement":"^0.8.13","artifacts":{"VaultExploit":{"0.8.13":{"path":"SafeCastExploit.sol/VaultExploit.json","build_id":"fb47b82824afd0f41cf9ca7bdf7e758c"}}},"seenByCompiler":true},"src/SafeCastSolution.sol":{"lastModificationDate":1731758477762,"contentHash":"2d36b40d67fe958b4ff79c3afa31b3b7","sourceName":"src/SafeCastSolution.sol","compilerSettings":{"solc":{"optimizer":{"enabled":true,"runs":200},"metadata":{"useLiteralContent":false,"bytecodeHash":"ipfs","appendCBOR":true},"outputSelection":{"*":{"*":["abi","evm.bytecode","evm.deployedBytecode","evm.methodIdentifiers","metadata"]}},"evmVersion":"london","viaIR":false,"libraries":{}},"vyper":{"evmVersion":"london","outputSelection":{"*":{"*":["abi","evm.bytecode","evm.deployedBytecode"]}}}},"imports":[],"versionRequirement":"^0.8.13","artifacts":{"VaultSolution":{"0.8.13":{"path":"SafeCastSolution.sol/VaultSolution.json","build_id":"a1c41191344e849b36b1a9ab481b7f80"}}},"seenByCompiler":true},"src/SafeCastVuln.sol":{"lastModificationDate":1731756092793,"contentHash":"6a619b82b5142fe1375f0e3b6e96d7df","sourceName":"src/SafeCastVuln.sol","compilerSettings":{"solc":{"optimizer":{"enabled":true,"runs":200},"metadata":{"useLiteralContent":false,"bytecodeHash":"ipfs","appendCBOR":true},"outputSelection":{"*":{"*":["abi","evm.bytecode","evm.deployedBytecode","evm.methodIdentifiers","metadata"]}},"evmVersion":"london","viaIR":false,"libraries":{}},"vyper":{"evmVersion":"london","outputSelection":{"*":{"*":["abi","evm.bytecode","evm.deployedBytecode"]}}}},"imports":[],"versionRequirement":"^0.8.13","artifacts":{"SecureVault":{"0.8.13":{"path":"SafeCastVuln.sol/SecureVault.json","build_id":"19c5e813e040b8d4e410206f1422c0ae"}},"Vault":{"0.8.13":{"path":"SafeCastVuln.sol/Vault.json","build_id":"19c5e813e040b8d4e410206f1422c0ae"}}},"seenByCompiler":true},"test/SafeCastTest.sol":{"lastModificationDate":1731763556495,"contentHash":"43f7a28fdbf514e8e98be973f53e136a","sourceName":"test/SafeCastTest.sol","compilerSettings":{"solc":{"optimizer":{"enabled":true,"runs":200},"metadata":{"useLiteralContent":false,"bytecodeHash":"ipfs","appendCBOR":true},"outputSelection":{"*":{"*":["abi","evm.bytecode","evm.deployedBytecode","evm.methodIdentifiers","metadata"]}},"evmVersion":"london","viaIR":false,"libraries":{}},"vyper":{"evmVersion":"london","outputSelection":{"*":{"*":["abi","evm.bytecode","evm.deployedBytecode"]}}}},"imports":["lib/forge-std/src/Base.sol","lib/forge-std/src/StdAssertions.sol","lib/forge-std/src/StdChains.sol","lib/forge-std/src/StdCheats.sol","lib/forge-std/src/StdError.sol","lib/forge-std/src/StdInvariant.sol","lib/forge-std/src/StdJson.sol","lib/forge-std/src/StdMath.sol","lib/forge-std/src/StdStorage.sol","lib/forge-std/src/StdStyle.sol","lib/forge-std/src/StdToml.sol","lib/forge-std/src/StdUtils.sol","lib/forge-std/src/Test.sol","lib/forge-std/src/Vm.sol","lib/forge-std/src/console.sol","lib/forge-std/src/console2.sol","lib/forge-std/src/interfaces/IERC165.sol","lib/forge-std/src/interfaces/IERC20.sol","lib/forge-std/src/interfaces/IERC721.sol","lib/forge-std/src/interfaces/IMulticall3.sol","lib/forge-std/src/mocks/MockERC20.sol","lib/forge-std/src/mocks/MockERC721.sol","lib/forge-std/src/safeconsole.sol","src/SafeCastExploit.sol","src/SafeCastSolution.sol","src/SafeCastVuln.sol"],"versionRequirement":"^0.8.13","artifacts":{"VaultTest":{"0.8.13":{"path":"SafeCastTest.sol/VaultTest.json","build_id":"1a0dabf168a8418bb901d300a84bec88"}}},"seenByCompiler":true}},"builds":["19c5e813e040b8d4e410206f1422c0ae","1a0dabf168a8418bb901d300a84bec88","a1c41191344e849b36b1a9ab481b7f80","fb47b82824afd0f41cf9ca7bdf7e758c"]}